rank,market_rank,name,symbol,address,decimals,market_cap_usd
1,3,Tether,USDT,0xdac17f958d2ee523a2206206994597c13d831ec7,18,189794197605
2,4,BNB,BNB,0xb8c77482e45f1f44de1745f52c74426c631bdd52,18,92380106467
3,6,USDC,USDC,0xa0b86991c6218b36c1d19d4a2e9eb0ce3606eb48,18,76574828062
4,-,Lido Staked Ether,STETH,0xae7ab96520de3a18e5e111b5eaab095312d7fe84,18,19773126253
5,11,WhiteBIT Coin,WBT,0x925206b8a707096ed26ae47c84747fe0bb734f59,18,12580868068
6,12,USDS,USDS,0xdc035d45d973e3ec169d2276ddab16f1e407384f,18,11013045894
7,-,Wrapped Bitcoin,WBTC,0x2260fac5e5542a773aa44fbcfedf7c193bc2c599,18,9439258125
8,15,LEO Token,LEO,0x2af5d2ad76741191d15dfe7bf6ac92d4bd912ca3,18,9378119968
9,18,Chainlink,LINK,0x514910771af9ca656af840dff83e8264ecf986ca,18,7519783225
10,21,Toncoin,TON,0x582d872a1b094fc48f5de31d3b73f2d9be47def1,18,5615037042
11,-,WETH,WETH,0xc02aaa39b223fe8d0a0e5c4f27ead9083c756cc2,18,4827726876
12,25,USD1,USD1,0x8d0d000ee44948fc98c9b98a4fa4921476f08b0d,18,4475277566
13,26,Dai,DAI,0x6b175474e89094c44da98b954eedeac495271d0f,18,4392046695
14,29,Ethena USDe,USDE,0x4c9edd5852cd905f086c759e8383e09bff1e68b3,18,4218492705
15,31,Shiba Inu,SHIB,0x95ad61b0a150d79219dcf64e1e6cc01f0b64c4ce,18,3698402180
16,33,PayPal USD,PYUSD,0x6c3ea9036406852006290770bedfcaba0e23a0e8,18,3483720323
17,34,Global Dollar,USDG,0xe343167631d89b6ffc58b88d6b7fb0228795491d,18,3340300357
18,35,Cronos,CRO,0xa0b73e1ff0b80914ab6fe0444e65848c4c34450b,18,3286207915
19,36,Circle USYC,USYC,0x136471a34f6ef19fe571effc1ca711fdb8e49f2b,18,2988648549
20,38,Tether Gold,XAUT,0x68749665ff8d2d112fa859aa293f07a622782f38,18,2703553656
21,39,BlackRock USD Institutional Digital Liquidity Fund,BUIDL,0x7712c34205737192402172409a8f7ccef8aa2aec,18,2449282086
22,40,Uniswap,UNI,0x1f9840a85d5af5bf1d1762f925bdaddc4201f984,18,2363901263
23,41,Mantle,MNT,0x3c3a81e81dc49a522a592e7622a7e711c06bf354,18,2258309866
24,42,Polkadot,DOT,0x8d010bf9c26881788b4e6bf5fd1bdc358c8f90b8,18,2249292982
25,43,World Liberty Financial,WLFI,0xda5e1988097297dcdc1f90d4dfe7909e847cbef6,18,2150226682
26,44,PAX Gold,PAXG,0x45804880de22913dafe09f4980848ece6ecbaf78,18,2145186834
27,46,Ondo US Dollar Yield,USDY,0x96f6ef951840721adbf46ac996b59e0235cb985c,18,1892695653
28,47,Ondo,ONDO,0xfaba6f8e4a5e8ab82f62fe7c39859fa577269be3,18,1843172886
29,48,OKB,OKB,0x75231f58b43240c9718dd58b4967c5114342a86c,18,1800053811
30,49,Falcon USD,USDF,0xfa2b947eec368f42195f24f36d2af29f7c24cec2,18,1782348452
31,51,HTX DAO,HTX,0x61ec85ab89377db65762e234c946b5c25a56e99e,18,1778096639
32,53,Pepe,PEPE,0x6982508145454ce325ddbe47a25d4ec3d2311933,18,1696842832
33,54,Sky,SKY,0x56072c95faa701256059aa122697b133aded9279,18,1685110463
34,55,Ripple USD,RLUSD,0x8292bb45bf1ee4d140127049757c2e0ff06317ed,18,1564718530
35,56,Internet Computer,ICP,0x00f3c42833c3170159af4e92dbb451fb3f708917,18,1491600240
36,57,USDD,USDD,0x4f8e5de400de08b164e7421b3ee387f461becd1a,18,1470314091
37,58,Aave,AAVE,0x7fc66500c84a76ad7e9c93437bfc5ac33e2ddae9,18,1466449695
38,60,Bitget Token,BGB,0x54d2252757e1672eead234d27b1270728ff90581,18,1449663694
39,62,Morpho,MORPHO,0x58d97b57bb95320f9a05dc918aef65434969c2b2,18,1235231058
40,63,Quant,QNT,0x4a220e6096b25eadb88358cb44068a3248254675,18,1133500726
41,65,Janus Henderson Anemoy Treasury Fund,JTRSY,0x8c213ee79581ff4984583c6a801e5263418c4b86,18,1088446705
42,66,Ethena,ENA,0x57e114b691db790c35207b2e685d4a43181e6061,18,1072707717
43,68,United Stables,U,0xce24439f2d9c6a2289f741120fe202248b666666,18,1027485438
44,71,Superstate Short Duration U.S. Government Securities Fund (USTB),USTB,0x43415eb6ff9db7e26a15b704e7a3edce97d31c4e,18,1004940921
45,72,POL (ex-MATIC),POL,0x455e53cbb86018ac2b8092fdcd39d8444affc3f6,18,997721469
46,73,Spiko EU T-Bills Money Market Fund,EUTBL,0xa0769f7a8fc65e47de93797b4e21c073c117fc80,18,984467688
47,74,Render,RENDER,0x6de037ef9ad2725eb40118bb1702ebb27e4aeb24,18,975597948
48,76,NEXO,NEXO,0xb62132e35a6c13ee1ee0f84dc5d40bad8d815206,18,912800345
49,-,Rocket Pool ETH,RETH,0xae78736cd615f374d3085123a210448e74fc6393,18,876958558
50,78,Worldcoin,WLD,0x163f8c2467924be0ae7b5347228cabf260318753,18,854241157
51,81,USDtb,USDTB,0xc139190f447e929f090edeb554d95abb8b18ac1c,18,811427923
52,83,Arbitrum,ARB,0xb50721bcf8d664c30412cfbc6cf7a15145234ad1,18,788959567
53,84,Gate,GT,0xe66747a101bff2dba3697199dcce5b743b454759,18,783074889
54,91,Beldex,BDX,0x6ad12e761b438bea3ea09f6c6266556bb24c2181,18,612316276
55,92,DeXe,DEXE,0xde4ee8057785a7e8e800db58f9784845a5c2cbd6,18,608368495
56,94,Bonk,BONK,0x1151cb3d861920e07a38e03eead12c32178567f6,18,597328432
57,95,OUSG,OUSG,0x1b19c19393e2d034d8ff31ff34c81252fcbbee92,18,586473081
58,96,GHO,GHO,0x40d16fc0246ad3160ccc09b8d0d3a2cd28ae6c2f,18,583629165
59,98,Pudgy Penguins,PENGU,0x6418c0dd099a9fda397c766304cdd918233e8847,18,567521853
60,99,Billions Network,BILL,0xb1110919016846972056ab995054d65560d5f05e,18,562639015
61,100,Unibase,UB,0x6944e1df6bf5972305f9ab25df47ef10de01bcc8,18,560662566
62,101,Usual USD,USD0,0x73a15fed60bf67631dc6cd7bc5b6e8da8190acf5,18,556571984
63,-,Mantle Staked Ether,METH,0xd5f7838f5c461feff7fe49ea5ebaf7728bb0adfa,18,543309666
64,105,A7A5,A7A5,0x6fa0be17e4bea2fcfa22ef89bf8ac9aab0ab0fc9,18,515322540
65,106,Virtuals Protocol,VIRTUAL,0x44ff8620b8ca30902395a7bd3f2407e1a091bf73,18,510570595
66,107,Injective,INJ,0xe28b3b32b6c345a34ff64674606124dd5aceca30,18,504761909
67,108,PancakeSwap,CAKE,0x152649ea73beab28c5b49b26eb48f7ead6d4c898,18,495585341
68,109,TrueUSD,TUSD,0x0000000000085d4780b73119b644ae5ecd22b376,18,494513749
69,110,edgeX,EDGE,0xb0076de78dc50581770bba1d211ddc0ad4f2a241,18,481770054
70,111,Artificial Superintelligence Alliance,FET,0xaea46a60368a7bd060eec7df8cba43b7ef41ad85,18,476817296
71,113,Kite,KITE,0x904567252d8f48555b7447c67dca23f0372e16be,18,473799086
72,115,Humanity,H,0xcf5104d094e3864cfcbda43b82e1cefd26a016eb,18,453331807
73,116,Chiliz,CHZ,0x3506424f91fd33084466f402d5d97f05f8e3b4af,18,450928791
74,117,EURC,EURC,0x1abaea1f7c830bd89acc67ec4af516284b1bc33c,18,450339533
75,120,apxUSD,APXUSD,0x98a878b1cd98131b271883b390f68d2c90674665,18,427083854
76,123,ADI,ADI,0x8b1484d57abbe239bb280661377363b03c89caea,18,418002473
77,124,Janus Henderson Anemoy AAA CLO Fund,JAAA,0x5a0f93d040de44e78f251b03c43be9cf317dcf64,18,416520789
78,125,Spiko Amundi Overnight Swap Fund (EUR),EURSAFO,0x0990b149e915cb08e2143a5c6f669c907eddc8b0,18,416130648
79,129,Curve DAO,CRV,0xd533a949740bb3306d119cc777fa900ba034cd52,18,399024687
80,130,First Digital USD,FDUSD,0xc5f0f7b66764f6ec8c8dff7ba683102295e16409,18,393568787
81,131,SPX6900,SPX,0xe0f63a424a4439cbe457d80e4f4b51ad25b2c56c,18,390164355
82,137,Ether.fi,ETHFI,0xfe0c30065b384f05761f15d0cc899d4f9f9cc0eb,18,361456092
83,138,Kinesis Gold,KAU,0x14dab79fd7b7b3f748d434812fd6a9aac460ea52,18,352247313
84,139,Pendle,PENDLE,0x808507121b80c02388fad14726482e061b8da827,18,348658296
85,143,LayerZero,ZRO,0x6985884c4392d348587b19cb9eaaf157f13271cd,18,345860124
86,144,Telcoin,TEL,0x467bccd9d29f223bce8043b84e8c8b282827790f,18,345185910
87,145,ETHGas,GWEI,0x2798b1cc5a993085e8a9d46e80499f1b63f42204,18,331436724
88,146,Gnosis,GNO,0x6810e776880c02933d47db1b9fc05908e5386b96,18,331362709
89,147,FLOKI,FLOKI,0xcf0c122c6b73ff809c693db761e7baebe62b6a2e,18,329449636
90,150,Lido DAO,LDO,0x5a98fcbea516cf06857215779fd812ca3bef1b32,18,322327915
91,151,BitTorrent,BTT,0xc669928185dbce49d2230cc9b0979be6dc797957,18,321176270
92,152,JasmyCoin,JASMY,0x7420b4b9a0110cdc71fb720908340c03f9bc03ec,18,313850545
93,156,The Graph,GRT,0xc944e90c64b2c07662a292be6244bdf05cda44a7,18,300040381
94,157,Kinesis Silver,KAG,0x56ba8b58b7d1f6d384a1c4dd553f39ebc8741b8e,18,297410236
95,158,Olympus,OHM,0x64aa3364f17a4d01c6f1751fd97c2bd3d7e7f1d5,18,288869178
96,159,AINFT,NFT,0x198d14f2ad9ce69e76ea330b374de4957c3f850a,18,284154145
97,160,MegaUSD,USDM,0xec2af1c8b110a61fd9c3fa6a554a031ca9943926,18,281641232
98,161,Ethereum Name Service,ENS,0xc18360217d8f7ab5e7c516566761ea12ce7f9d72,18,280385822
99,163,Legacy Frax Dollar,FRAX,0x853d955acef822db058eb8505911ed77f175b99e,18,274033011
100,165,USDai,USDAI,0x0b2b2b2076d95dda7817e785989fe353fe955ef9,18,272685801
101,166,Maple Finance,SYRUP,0x643c4e15d7d62ad0abec4a9bd4b001aa3ef52d66,18,270904885
102,168,Starknet,STRK,0xca14007eff0db1f8135f4c25b34de49ab0d42766,18,268834934
103,169,Pieverse,PIEVERSE,0x0e63b9c287e32a05e6b9ab8ee8df88a2760225a9,18,255318695
104,170,Royal Dollar,RUSD,0x44bb433d29fe966992a9c812da7f252c9c53f285,18,249906405
105,173,Lido Earn ETH,EARNETH,0xbbfc8683c8fe8cf73777fede7ab9574935fea0a4,18,245895430
106,174,crvUSD,CRVUSD,0xf939e0a03fb07f59a73314e73794be0e57ac1b4e,18,243678989
107,178,Lighter,LIT,0x232ce3bd40fcd6f80f3d55a522d03f25df784ee2,18,229142035
108,180,Compound,COMP,0xc00e94cb662c3520282e6f5717214004a7f26888,18,219080793
109,182,USDa,USDA,0x8a60e489004ca22d775c5f2c657598278d17d9c2,18,217048021
110,183,Axie Infinity,AXS,0xbb0e17ef65f82ab018d8edd776e8dd940327b28b,18,214911878
111,189,The Sandbox,SAND,0x3845badade8e6dff049820680d1f14bd3903a5d0,18,205707729
112,192,Falcon Finance,FF,0xfa1c09fc8b491b6a4d3ff53a10cad29381b3f949,18,197833155
113,194,Undeads Games,UDS,0x712bd4beb54c6b958267d9db0259abdbb0bff606,18,192065292
114,195,Onyxcoin,XCN,0xa2cd3d43c775978a96bdbf12d733d5a1ed94fb18,18,191392620
115,199,SwissBorg,BORG,0x64d0f55cd8c7133a9d7102b13987235f486f2224,18,183861077
116,200,Decentraland,MANA,0x0f5d2fb29fb7d3cfee444a200298f468908cc942,18,182881706
117,202,BTSE Token,BTSE,0x666d875c600aa06ac1cf15641361dec3b00432ef,18,176361062
118,203,Vision,VSN,0x699ccf919c1dfdfa4c374292f42cadc9899bf753,18,174280626
119,205,GALA,GALA,0xd1d2eb1b1e90b638588728b4130137d262c87cae,18,172230337
120,206,Spiko US T-Bills Money Market Fund,USTBL,0xe4880249745eac5f1ed9d8f7df844792d560e750,18,171680741
121,207,Re Protocol reUSD,REUSD,0x5086bf358635b81d8c47c66d1c8b9e567db70c72,18,171578457
122,210,Circle Internet Group (Ondo Tokenized Stock),CRCLON,0x3632dea96a953c11dac2f00b4a05a32cd1063fae,18,169429610
123,211,ZKsync,ZK,0x66a5cfb2e9c529f14fe6364ad1075df3a649c0a5,18,169129095
124,212,Immutable,IMX,0xf57e7e7c23978c3caec3c3548e3d615c346e79ff,18,166064551
125,214,MX,MX,0x11eef04c884e24d9b7b4760e7476d06ddf797f36,18,164341186
126,215,apyUSD,APYUSD,0x38eeb52f0771140d10c4e9a9a72349a329fe8a6a,18,163377604
127,216,Convex Finance,CVX,0x4e3fbd56cd56c3e72c1403e103b45db9da5b9d2b,18,163299688
128,219,RaveDAO,RAVE,0x17205fab260a7a6383a81452ce6315a39370db97,18,161853501
129,220,Centrifuge,CFG,0xcccccccccc33d538dbc2ee4feab0a7a1ff4e8a94,18,160336525
130,221,EigenCloud (prev. EigenLayer),EIGEN,0xec53bf9167f50cdeb3ae105f56099aaab9061f83,18,159529781
131,223,Satoshi Stablecoin,SATUSD,0x1958853a8be062dc4f401750eb233f5850f0d0d2,18,158551219
132,224,Basic Attention,BAT,0x0d8775f648430679a709e98d2b0cb6250d2887ef,18,156444395
133,-,Frax Ether,FRXETH,0x5e8422345238f34275888049021821e8e08caa1f,18,153700192
134,226,Fidelity Digital Interest Token,FDIT,0x48ab4e39ac59f4e88974804b04a991b3a402717f,18,152826070
135,227,USAT,USAT,0x07041776f5007aca2a54844f50503a18a72a8b68,18,152657269
136,228,OriginTrail,TRAC,0xaa7a9ca87d3694b5755f213b5d04094b8d0f0a6f,18,151815474
137,229,SafePal,SFP,0x12e2b8033420270db2f3b328e32370cb5b2ca134,18,151281984
138,231,STASIS EURO,EURS,0xdb25f211ab05b1c97d595516f45794528a807ad8,18,150356229
139,233,ApeCoin,APE,0x4d224452801aced8b2f0aebe155379bb5d594381,18,148608578
140,234,Neutrl USD,NUSD,0xe556aba6fe6036275ec1f87eda296be72c811bce,18,148231994
141,236,River,RIVER,0xda7ad9dea9397cffddae2f8a052b82f1484252b3,18,144146791
142,237,Golem,GLM,0x7dd9c5cba05e151c895fde1cf355c9a1d5da6429,18,143417167
143,239,Frax USD,FRXUSD,0xcacd6fd266af91b8aed52accc382b4e165586e29,18,138846184
144,240,1INCH,1INCH,0x111111111117dc0aa78b770fa6a738034120c302,18,138239767
145,242,AUSD,AUSD,0x00000000efe302beaa2b3e6e1b18d08d69a9012a,18,135873711
146,243,Fluid,FLUID,0x6f40d4a6237c257fff2db00fa0510deeecd303eb,18,134059938
147,246,Theo Short Duration US Treasury Fund,THBILL,0x5fa487bca6158c64046b2813623e20755091da0b,18,132532681
148,247,Irys,IRYS,0x50f41f589afaca2ef41fdf590fe7b90cd26dee64,18,130984476
149,248,Aethir,ATH,0xbe0ed4138121ecfc5c0e56b40517da27e6c5226b,18,130474301
150,253,Sahara AI,SAHARA,0xfdffb411c4a70aa7c95d5c981a6fb4da867e1111,18,126772717
151,256,Shuffle,SHFL,0x8881562783028f5c1bcb985d2283d5e170d88888,18,122908687
152,257,USD.AI,CHIP,0x0c1c1c109fe34733fca54b82d7b46b75cfb71f6e,18,122224259
153,258,Reserve Rights,RSR,0x320623b8e4ff03373931769a31fc52a4e78b5d70,18,122114314
154,259,EUR CoinVertible,EURCV,0x5f7827fdeb7c20b443265fc2f40845b715385ff2,18,121719026
155,260,Flying Tulip,FT,0x5dd1a7a369e8273371d2dbf9d83356057088082c,18,121256346
156,261,Asteroid Shiba,ASTEROID,0xf280b16ef293d8e534e370794ef26bf312694126,18,119404857
157,262,Spiko Amundi Overnight Swap Fund,SAFO,0xcbade7d9bdee88411cb6cbcbb29952b742036992,18,119035236
158,263,GoMining Token,GOMINING,0x7ddc52c4de30e94be3a6a0a2b259b2850f421989,18,118497955
159,266,Cap USD,CUSD,0xcccc62962d17b8914c62d74ffb843d73b2a3cccc,18,117800601
160,267,Sentient,SENT,0x56a3ba04e95d34268a19b2a4474dc979babdaf76,18,116867515
161,269,0G,0G,0x4b948d64de1f71fcd12fb586f4c776421a35b3ee,18,116497982
162,270,SoSoValue,SOSO,0x76a0e27618462bdac7a29104bdcfff4e6bfcea2d,18,115973985
163,275,Tokenize Xchange,TKX,0x667102bd3413bfeaa3dffb48fa8288819e480a88,18,114896212
164,277,Apollo Diversified Credit Securitize Fund,ACRED,0x17418038ecf73ba4026c4f428547bf099706f27b,18,114448024
165,278,BitMart,BMX,0x986ee2b944c42d017f52af21c4c69b84dbea35d8,18,113694073
166,279,Synthetix,SNX,0xc011a73ee8576fb46f5e1c5751ca3b9fe0af2a6f,18,112683734
167,283,Rollbit Coin,RLB,0x046eee2cc3188071c02bfc1745a6b17c656e3f3d,18,109268938
168,284,Livepeer,LPT,0x58b6a8a3302369daec383334672404ee733ab239,18,108599268
169,286,Safe,SAFE,0x5afe3855358e112b5647b952709e6165e1c1eeee,18,108257954
170,291,TRIA,TRIA,0x228bec415ade4b61d7caf0adf8c91eac587ba369,18,103849636
171,297,Securitize Tokenized AAA CLO Fund,STAC,0x51c2d74017390cbbd30550179a16a1c28f7210fc,18,101872866
172,298,CoW Protocol,COW,0xdef1ca1fb7fbcdc777520aa7f396b4e015f497ab,18,101631334
173,299,Palm USD,PUSD,0xfaf0cee6b20e2aaa4b80748a6af4cd89609a3d78,18,101242159
174,300,Nexus Mutual,NXM,0xd7c49cee7e9188cca6ad8ff264c1da2e69d4cf3b,18,101073207
175,302,MNEE USD Stablecoin,MNEE,0x8ccedbae4916b79da7f3f612efb2eb93a2bfd6cf,18,100229634
176,307,Railgun,RAIL,0xe76c6c83af64e4c60245d8c7de953df673a7a33d,18,98049688
177,308,Beam,BEAM,0x62d0a8458ed7719fdaf978fe5929c6d342b0bfce,18,97017456
178,310,0x Protocol,ZRX,0xe41d2489571d322189246dafa5ebde1f4699f498,18,96396205
179,311,yearn.finance,YFI,0x0bc529c00c6401aef6d220be8c6ea1667f6ad93e,18,96021916
180,315,Linea,LINEA,0x1789e0043623282d5dcc7f213d703c6d8bafbb04,18,94168307
181,320,Saturn Dollar,USDAT,0x23238f20b894f29041f48d88ee91131c395aaa71,18,91913556
182,321,Bio Protocol,BIO,0xcb1592591996765ec0efc1f92599a19767ee5ffa,18,91576943
183,322,Spark,SPK,0xc20059e0317de91738d13af027dfc4a50781b066,18,91244280
184,324,Enjin Coin,ENJ,0xf629cbd94d3791c9250152bd8dfbdf380e2a3b9c,18,90162841
185,325,Turbo,TURBO,0xa35923162c49cf95e6bf26623385eb431ad920d3,18,89620004
186,326,Precious Metals USD,PMUSD,0xc0c17dd08263c16f6b64e772fb9b723bf1344ddf,18,89513160
187,327,AIOZ Network,AIOZ,0x626e8036deb333b408be468f951bdb42433cbf18,18,89213296
188,329,Block Street,BSB,0xdb6ba5d510f114f9b2ea08bea7d30e32eee33411,18,88780270
189,330,Impossible Cloud Network Token,ICNT,0xe5e0b73380181273abcfd88695f52c4d0c825661,18,88273032
190,335,Strategy PP Variable xStock,STRCX,0x1aad217b8f78dba5e6693460e8470f8b1a3977f3,18,85825497
191,337,Quack AI,Q,0xc07e1300dc138601fa6b0b59f8d0fa477e690589,18,85489794
192,339,Lombard,BARD,0xf0db65d17e30a966c2ae6a21f6bba71cea6e9754,18,84474681
193,340,DUSK,DUSK,0x940a2db1b7008b6c776d4faaca729d6d4a4aa551,18,84263409
194,346,Baby Doge Coin,BABYDOGE,0xac57de9c1a09fec648e93eb98875b212db0d460b,18,82519662
195,347,ViciCoin,VCNT,0x3be775b699fee916e7de117994358ff8f48e4569,18,81944288
196,348,Wormhole,W,0xb0ffa8000886e57f86dd5264b9582b2ad87b2b91,18,81781961
197,349,Creditcoin,CTC,0xa3ee21c306a700e682abcdfe9baa6a08f3820419,18,81484840
198,350,SuperVerse,SUPER,0xe53ec727dbdeb9e2d5456c3be40cff031ab40a55,18,81306970
199,355,Arkham,ARKM,0x6e2a43be0b1d33b726f0ca3b8de60b3482b8b050,18,80496790
200,358,Metal Blockchain,METAL,0x294559fa758c88d639fd085751e463fee7806eab,18,80202092
201,364,InfiniFi USD,IUSD,0x48f9e38f3070ad8945dfeae3fa70987722e3d89c,18,79285565
202,367,Derive,DRV,0xb1d1eae60eea9525032a6dcb4c1ce336a1de71be,18,79193746
203,368,Everything,EV,0xe7e7e741c23a4767831a56a8c99f522c5ac1e7e7,18,79060415
204,370,XPR Network,XPR,0xd7efb00d12c2c13131fd319336fdf952525da2af,18,77903669
205,373,ZetaChain,ZETA,0xf091867ec603a6628ed83d274e835539d82e9cc8,18,77488389
206,374,Astar,ASTR,0xf27441230eadeac85b764610325cc9a0d7859689,18,77413352
207,375,Axelar,AXL,0x467719ad09025fcc6cf6f8311755809d45a5e5f3,18,77288201
208,377,Amp,AMP,0xff20817765cb7f73d4bde2e66e067e58d11095c2,18,76694857
209,379,Main Street USD,MSUSD,0x4ba01f22827018b4772cd326c7627fb4956a7c00,18,76517979
210,380,Holo,HOT,0x6c6ee5e31d828de241282b9606c8e98ea48526e2,18,76477135
211,389,MBG By Multibank Group,MBG,0x45e02bc2875a2914c4f585bbf92a6f28bc07cb70,18,74430143
212,396,VanEck Treasury Fund,VBILL,0x2255718832bc9fd3be1caf75084f4803da14ff01,18,72212908
213,397,Rootstock Infrastructure Framework,RIF,0x01b603be3d545f096015741e6503440282bf45fb,18,72099291
214,398,Matrixdock Gold,XAUM,0x2103e845c5e135493bb6c2a4f0b8651956ea8682,18,71560085
215,403,Blur,BLUR,0x5283d291dbcf85356a21ba090e6db59121208b44,18,70815639
216,405,Midas mF-ONE,MF-ONE,0x238a700ed6165261cf8b2e544ba797bc11e466ba,18,70671274
217,407,Plume,PLUME,0x4c1746a800d224393fe2470c70a35717ed4ea5f1,18,70027487
218,408,TempleDAO,TEMPLE,0x470ebf5f030ed85fc1ed4c2d36b9dd02e77cf1b7,18,69707000
219,410,Movement,MOVE,0x3073f7aaa4db83f95e9fff17424f71d4751a3073,18,69462134
220,411,Crown BRLV,BRLV,0xd7ca0e2c36d647446b782d1b72308e598373e2f5,18,68809114
221,413,Aztec,AZTEC,0xa27ec0006e59f245217ff08cd52a7e8b169e62d2,18,68091283
222,414,CoinEx,CET,0x081f67afa0ccf8c7b17540767bbe95df2ba8d97f,18,67526384
223,415,Threshold Network,T,0xcdf7028ceab81fa0c6971208e83fa7872994bee5,18,67058511
224,422,aelf,ELF,0xbf2179859fc6d5bee9bf9158632dc51678a4100e,18,65612210
225,424,Puff The Dragon,PUFF,0x31b6100f5f4466e6daeb1edb2f2ce6e548cf8938,18,64995999
226,425,DOLA,DOLA,0x865377367054516e17014ccded1e7d814edc9ce4,18,64803527
227,428,Numeraire,NMR,0x1776e1f26f98b1a5df9cd347953a26dd3cb46671,18,63046930
228,430,Non-Playable Coin,NPC,0x8ed97a637a790be1feff5e888d43629dc05408f6,18,62877504
229,432,Mog Coin,MOG,0xaaee1a9723aadb7afa2810263653a34ba2c21c7a,18,62796524
230,434,Rekt,REKT,0xdd3b11ef34cd511a2da159034a05fcb94d806686,18,62303364
231,435,Micron Technology (Ondo Tokenized Stock),MUON,0x050362ab1072cb2ce74d74770e22a3203ad04ee5,18,62196415
232,437,Sushi,SUSHI,0x6b3595068778dd592e39a122f4f5a5cf09c90fe2,18,61979921
233,444,Tesla xStock,TSLAX,0x8ad3c73f833d3f9a523ab01476625f269aeb7cf0,18,60617118
234,445,NVIDIA (Ondo Tokenized Stock),NVDAON,0x2d1f7226bd1f780af6b9a49dcc0ae00e8df4bdee,18,60570705
235,446,Moca Network,MOCA,0xf944e35f95e819e752f3ccb5faf40957d311e8c5,18,60325683
236,452,Eurite,EURI,0x9d1a7a3191102e9f900faa10540837ba84dcbae7,18,59304871
237,453,VVS Finance,VVS,0x839e71613f9aa06e5701cf6de63e303616b0dde3,18,59280571
238,457,ZIGChain,ZIG,0xb2617246d0c6c0087f18703d576831899ca94f01,18,59133861
239,458,Circle xStock,CRCLX,0xfebded1b0986a8ee107f5ab1a1c5a813491deceb,18,59074041
240,460,Zama,ZAMA,0xa12cc123ba206d4031d1c7f6223d1c2ec249f4f3,18,58458587
241,462,Gensyn,AI,0x4d7078ddd6ccfed2f85db5b7d3ff16828d378d48,18,58155816
242,467,Main Street Yield,MSY,0x890a5122aa1da30fec4286de7904ff808f0bd74a,18,57375688
243,468,Ondo U.S. Dollar Token,USDON,0xace8e719899f6e91831b18ae746c9a965c2119f1,18,57286580
244,469,iShares Core S&P 500 ETF (Ondo Tokenized ETF),IVVON,0x62ca254a363dc3c748e7e955c20447ab5bf06ff7,18,56978428
245,472,XYO Network,XYO,0x55296f69f40ea6d20e478533c15a6b08b654e758,18,56008926
246,476,HashKey Platform Token,HSK,0xe7c6bf469e97eeb0bfb74c8dbff5bd47d4c1c98a,18,55236449
247,478,KAIO,KAIO,0x00bac91fd8f5b4a0dc03c8021139b76f6549ee7e,18,54597111
248,481,Sierra,SIERRA,0x6bf7788eaa948d9ffba7e9bb386e2d3c9810e0fc,18,54338957
249,484,f(x) Protocol fxUSD,FXUSD,0x085780639cc2cacd35e474e71f4d000e2405d8f6,18,54014669
250,485,StraitsX XUSD,XUSD,0xc08e7e23c235073c6807c2efe7021304cb7c2815,18,53904560
251,486,Midas mTBILL,MTBILL,0xdd629e5241cbc5919847783e6c96b2de4754e438,18,53883835
252,487,RedStone,RED,0xc43c6bfeda065fe2c4c11765bf838789bd0bb5de,18,53817571
253,490,World Mobile Token,WMTX,0xdbb5cf12408a3ac17d668037ce289f9ea75439d7,18,53289024
254,492,Brazilian Digital,BRZ,0x01d33fd36ec67c6ada32cf36b31e88ee190b1839,18,53183627
255,493,Janction,JCT,0xc477b6dfd26ec2460b3b92de18837fd476ea7549,18,53150555
256,496,Escoin,ELG,0xa2085073878152ac3090ea13d1e41bd69e60dc99,18,52553901
257,498,Tellor Tributes,TRB,0x88df592f8eb5d7bd38bfef7deb0fbc02cf3778a0,18,52116847
258,499,Request,REQ,0x8f8221afbb33998d8584a2b05749ba73c37a938a,18,51894304
259,500,Fidelity Digital Dollar,FIDD,0x7c135549504245b5eae64fc0e99fa5ebabb8e35d,18,51538984
260,502,Api3,API3,0x0b38210ea11411557c13457d4da7dc6ea731b88a,18,51214765
261,503,Mask Network,MASK,0x69af81e73a73b40adf4f3d4223cd9b1ece623074,18,50897439
262,504,Anemoy Tokenized Apollo Diversified Credit Fund,ACRDX,0x9477724bb54ad5417de8baff29e59df3fb4da74f,18,50854569
263,506,f(x) USD Saving,FXSAVE,0x7743e50f534a7f9f1791dde7dcd89f7783eefc39,18,50418504
264,507,DMT-NAT,NAT,0x249130f5e2dd4cf278180c0df8273f3592ad1247,18,50245109
265,508,Ankr Network,ANKR,0x8290333cef9e6d528dd5618fb97a76f268f3edd4,18,50234578
266,512,Succinct,PROVE,0x6bef15d938d4e72056ac92ea4bdd0d76b1c4ad29,18,50040531
267,511,USDKG,USDKG,0xe820c06321e60d36257c666643fa5436643445e3,18,49994235
268,513,Alloy Tether,AUSDT,0x9eead9ce15383caeed975427340b3a369410cfbf,18,49954512
269,515,Anvil,ANVL,0xaeeaa594e7dc112d67b8547fe9767a02c15b5597,18,49626693
270,516,Renzo,REZ,0x3b50805453023a91a8bf641e279401a0b23fa6f9,18,49547594
271,522,Vana,VANA,0x7ff7fa94b8b66ef313f7970d4eebd2cb3103a2c0,18,47854144
272,527,Venus,XVS,0xd3cc9d8f3689b83c91b7b59cab4946b063eb894a,18,46983099
273,531,Unipoly,UNP,0x23d7ff057c696fee679c60cef61fee6614218f04,18,46062019
274,534,IoTeX,IOTX,0x6fb3e0a217407efff7ca062d46c26e5d60a14d69,18,45691492
275,539,Dual,DUAL,0x6af487beb661ccecd1d045e9561a0dac9aa5c7db,18,44935959
276,542,Merlin Chain,MERL,0xa0c56a8c0692bd10b3fa8f8ba79cf5332b7107f9,18,44742763
277,543,Fabric Protocol,ROBO,0x32b4d049fe4c888d2b92eecaf729f44df6b1f36e,18,44730784
278,544,iShares Bitcoin Trust (Ondo Tokenized),IBITON,0x122940c4c5f9ccfae7fa86455a42d3ec140855ce,18,44721127
279,545,UMA,UMA,0x04fa0d235c4abf4bcf4787af4cf447de572ef828,18,44717128
280,540,Naoris Protocol,NAORIS,0x1b379a79c91a540b2bcd612b4d713f31de1b80cc,18,44678409
281,546,GAL (migrated to Gravity - G),GAL,0x5faa989af96af85384b8a938c2ede4a7378d9875,18,44528415
282,548,AltLayer,ALT,0x8457ca5040ad67fdebbcc8edce889a335bc0fbfb,18,44274107
283,551,Frax (prev. FXS),FRAX,0x3432b6a60d23ca0dfca7761b7ab56459d9c964d0,18,43909184
284,553,Rocket Pool,RPL,0xd33526068d116ce69f19a9ee46f0bd304f21a51f,18,43847123
285,560,Orbs,ORBS,0xff56cc6b1e6ded347aa0b7676c85ab0b3d08b0fa,18,42527032
286,562,Frax Staked frxUSD,SFRXUSD,0xcf62f905562626cfcdd2261162a51fd02fc9c5b6,18,42299500
287,566,SKALE,SKL,0x00c83aecc790e8a4453e5dd3b0b4b3680501a7a7,18,41855801
288,567,Bitget Wrapped BTC,BGBTC,0x0520930f21b14cafac7a27b102487bee7138a017,18,41850131
289,568,SPDR S&P 500 ETF (Ondo Tokenized ETF),SPYON,0xfedc5f4a6c38211c1338aa411018dfaf26612c08,18,41752422
290,572,Waves,WAVES,0x1cf4592ebffd730c7dc92c1bdffdfc3b9efcf29a,18,41465270
291,573,Illuvium,ILV,0x767fe9edc9e0df98e07454847909b5e959d7ca0e,18,41365771
292,574,SSV Network,SSV,0x9d65ff81a3c488d585bbfb0bfe3c7707c7917f54,18,41228601
293,575,APEX,APEX,0x52a8845df664d76c69d2eea607cd793565af42b8,18,41166770
294,577,Degen,DEGEN,0xfee293840d23b0b2de8c55e1cf7a9f01c157767c,18,40945153
295,581,COTI,COTI,0xddb3422497e61e13543bea06989c0789117555c5,18,40791852
296,582,Palladium Network,PLLD,0xfc8dcfca8a37a855e352098af205b3a537b6b026,18,40778839
297,584,Frankencoin,ZCHF,0xb58e61c3098d85632df34eecfb899a1ed80921cb,18,40602490
298,585,ChangeNOW,NOW,0xe9a95d175a5f4c9369f3b74222402eb1b837693b,18,40599917
299,586,Pax Dollar,USDP,0x8e870d67f660d95d5be530380d0ec0bd388289e1,18,40564721
300,587,Dogelon Mars,ELON,0x761d38e5ddf6ccf6cf7c55759d5210750b5d60f3,18,40265585
301,588,Baseline,B,0x9fdbde76236998dc2836fe67a9954ede456a1d63,18,40254396
302,589,Neiro,NEIRO,0x812ba41e071c7b7fa4ebcfb62df5f45f6fa853ee,18,40223792
303,590,Status,SNT,0x744d70fdbe2ba4cf95131626614a1763df805b9e,18,40138334
304,592,OpenLedger,OPEN,0xa227cc36938f0c9e09ce0e64dfab226cad739447,18,40075032
305,591,Gemini Dollar,GUSD,0x056fd409e1d7a124bd7017459dfea2f387b6d5cd,18,40054417
306,593,Band,BAND,0xba11d00c5f74255f56a5e366f4f77f5a186d7f55,18,39874000
307,597,Invesco QQQ ETF (Ondo Tokenized ETF),QQQON,0x0e397938c1aa0680954093495b70a9f5e2249aba,18,39577160
308,600,Venom,VENOM,0x46f84dc6564cdd93922f7bfb88b03d35308d87c9,18,39372098
309,604,ConstitutionDAO,PEOPLE,0x7a58c0be72be218b41c608b7fe7c5bb630736c71,18,39179188
310,605,Pundi X,PUNDIX,0x0fd10b9899882a6f2fcb5c371e17e70fdee00c38,18,39138229
311,606,ECOMI,OMI,0xed35af169af46a02ee13b9d79eb57d6d68c1749e,18,39046814
312,607,Espresso,ESP,0x031de51f3e8016514bd0963d0b2ab825a591db9a,18,38811755
313,609,GMT,GMT,0xe3c408bd53c31c085a1746af401a4042954ff740,18,38401650
314,615,Alchemy Pay,ACH,0xed04915c23f00a313a544955524eb7dbd823143d,18,37941844
315,617,Hyperlane,HYPER,0x93a2db22b7c736b341c32ff666307f4a9ed910f5,18,37632472
316,618,BUSD,BUSD,0x4fabb145d64652a948d72533023f6e7a623c7c53,18,37630275
317,619,GEKKO,GEKKO,0xf017d3690346eb8234b85f74cee5e15821fee1f4,18,37622310
318,621,Bancor Network,BNT,0x1f573d6fb3f13d689ff844b4ce37794d79a7ff1c,18,37370720
319,622,Apro,AT,0x0581ccdf2d9bca21baeff8b32b2551fd49cf70aa,18,37214688
320,623,Memecoin,MEME,0xb131f4a55907b10d1f0a50d8ab8fa09ec342cd74,18,37075578
321,628,BOTXCOIN,BOTX,0xef19f4e48830093ce5bc8b3ff7f903a0ae3e9fa1,18,36684877
322,630,ZEROBASE,ZBT,0xfab99fcf605fd8f4593edb70a43ba56542777777,18,36394800
323,631,aPriori,APR,0x5a9610919f5e81183823a2be4bd1beb2b4da2a20,18,36278064
324,632,Kishu Inu,KISHU,0xa2b4c0af19cc16a6cfacce81f192b024d625817d,18,36246963
325,633,CARV,CARV,0xc08cd26474722ce93f4d0c34d16201461c10aa8c,18,36225463
326,634,Open Campus,EDU,0x26aad156ba8efa501b32b42ffcdc8413f90e9c99,18,36152022
327,635,Hermez Network,HEZ,0xeef9f339514298c6a857efcfc1a762af84438dee,18,36038752
328,636,ChainGPT,CGPT,0x25931894a86d47441213199621f1f2994e1c39aa,18,36015986
329,637,MVL,MVL,0xa849eaae994fb86afa73382e9bd88c2b6b18dc71,18,35993397
330,638,Bounce,AUCTION,0xa9b1eb5908cfc3cdf91f9b8b3a74108598009096,18,35957668
331,641,Aegis YUSD,YUSD,0x4274cd7277c7bb0806bd5fe84b9adae466a8da0a,18,35758001
332,642,Space and Time,SXT,0xe6bfd33f52d82ccb5b37e16d3dd81f9ffdabb195,18,35618048
333,643,LCX,LCX,0x8cd41041505885ef0ad3858181d66f17be8aae7e,18,35590840
334,646,WOO,WOO,0x4691937a7508860f876c9c0a2a617e7d9e945d4b,18,35310121
335,647,Powerledger,POWR,0x595832f8fc6bf59c85c527fec3740a1b7a361269,18,35190548
336,650,Atoshi,ATOS,0x4d0528598f916fd1d8dc80e5f54a8feedcfd4b18,18,35062371
337,654,SWFTCOIN,SWFTC,0x0bb217e40f8a5cb79adf04e1aab60e5abd0dfc1e,18,34908942
338,655,Whiteheart,WHITE,0x5f0e628b693018f639d10e4a4f59bd4d8b2b6b44,18,34819599
339,656,America Party,AMERICA,0xb03eef386a61b5b462051636001485fffdd3d843,18,34762580
340,658,Bedrock,BR,0x9b61879e91a0b1322f3d61c23aaf936231882096,18,34516890
341,659,CYBER,CYBER,0x14778860e937f509e651192a90589de711fb88a9,18,34437797
342,661,Unitas,UP,0x00007ac313f4f4c1ad809e8a4ca42bc613aa0000,18,34331359
343,663,Clearpool,CPOOL,0x66761fa41377003622aee3c7675fc7b5c1c2fac5,18,34239516
344,668,BOLD,BOLD,0x6440f144b7e50d6a8439336510312d2f54beb01d,18,33784211
345,670,Midas Fasanara Global,MGLOBAL,0x7433806912eae67919e66aea853d46fa0aef98a8,18,33630837
346,673,SP500 xStock,SPYX,0x90a2a4c76b5d8c0bc892a69ea28aa775a8f2dd48,18,33408359
347,675,OpenEden OpenDollar,USDO,0x8238884ec9668ef77b90c6dff4d1a9f4f4823bfe,18,33357397
348,676,Resupply USD,REUSD,0x57ab1e0003f623289cd798b1824be09a793e4bec,18,33356618
349,677,iExec RLC,RLC,0x607f4c5bb672230e8672085532f7e901544a7375,18,33319436
350,678,Bitway,BTW,0x3a63de3572c69a1307ff08394f3ee7702c16d25d,18,33182901
351,679,Euler,EUL,0xd9fcd98c322942075a5c3860693e9f4f03aae07b,18,33067560
352,680,MicroStrategy xStock,MSTRX,0xae2f842ef90c0d5213259ab82639d5bbf649b08e,18,33010687
353,686,Alphabet Class A (Ondo Tokenized Stock),GOOGLON,0xba47214edd2bb43099611b208f75e4b42fdcfedc,18,32670929
354,690,aixbt,AIXBT,0x0d37af9d8ae74f35f3a38bd2a08fcb29890ca6d2,18,32159929
355,692,Spiko Digital Assets Cash & Carry Fund - Euro Share Class,EURSPKCC,0x3868d4e336d14d38031cf680329d31e4712e11cc,18,31991505
356,693,NVIDIA xStock,NVDAX,0xc845b2894dbddd03858fd2d643b4ef725fe0849d,18,31981581
357,697,ResearchCoin,RSC,0xd101dcc414f310268c37eeb4cd376ccfa507f571,18,31862185
358,698,Tokenised GBP,TGBP,0x27f6c8289550fce67f6b50bed1f519966afe5287,18,31767714
359,699,Sai,SAI,0x89d24a6b4ccb1b6faa2625fe562bdd9a23260359,18,31680284
360,701,Kelp Gain,AGETH,0xe1b4d34e8754600962cd944b535180bd758e6c2e,18,31415083
361,702,Prom,PROM,0xfc82bb4ba86045af6f327323a46e80412b91b27d,18,31397227
362,703,Tokamak Network,TON,0x2be5e8c109e2197d077d13a82daead6a9b3433c5,18,31395824
363,704,MetaMask USD,MUSD,0xaca92e438df0b2401ff60da7e4337b687a2435da,18,31308610
364,705,Octra,OCT,0x4647e1fe715c9e23959022c2416c71867f5a6e80,18,31195274
365,706,Dacxi,DXI,0x5e29cf3e3fed4df50acab95f8268e9ee26ea36f2,18,31131861
366,707,NovaChargeX Coin,NCX,0xf8a6f43ce478aac1db99c07661dfd3acb5890792,18,31121508
367,709,Brevis,BREV,0x086f405146ce90135750bbec9a063a8b20a8bffb,18,31018826
368,711,Mezo USD,MUSD,0xdd468a1ddc392dcdbef6db6e34e89aa338f9f186,18,30892940
369,712,Yield Guild Games,YGG,0x25f8087ead173b73d6e8b84329989a8eea16cf73,18,30887970
370,715,WAX,WAXP,0x2a79324c19ef2b89ea98b23bc669b7e7c9f8a517,18,30733208
371,720,DEAPCOIN,DEP,0x1a3496c18d558bd9c6c8f609e1b129f67ab08163,18,30200288
372,721,dKargo,DKA,0x5dc60c4d5e75d22588fa17ffeb90a63e535efce0,18,30199346
373,722,Across Protocol,ACX,0x44108f0223a3c3028f5fe7aec7f9bb2e66bef82f,18,30130901
374,723,Sign,SIGN,0x868fced65edbf0056c4163515dd840e9f287a4c3,18,30057280
375,727,Superform,UP,0x1d926bbe67425c9f507b9a0e8030eedc7880bf33,18,29786862
376,728,Monerium EUR emoney,EURE,0x39b8b6385416f4ca36a20319f70d28621895279d,18,29661837
377,729,Liquity,LQTY,0x6dea81c8171d0ba574754ef6f8b412f2ed88c54d,18,29655544
378,731,Audius,AUDIO,0x18aaa7115705e8be94bffebde57af9bfc265b998,18,29581860
379,732,MAGA Bitcoin,MBTC,0x3898257dd2cd6d2a3b6e3435f73568a725262b9b,18,29544779
380,734,Lisk,LSK,0x6033f7f88332b8db6ad452b7c6d5bb643990ae3f,18,29371523
381,735,Ryze,RYZE,0x44e3ae622c1570dc6e492adb8de92d01ca923d26,18,29346549
382,736,Tokenlon,LON,0x0000000000095413afc295d19edeb1ad7b71c952,18,29300574
383,737,Spell,SPELL,0x090185f2135308bad17527004364ebcc2d37e5f6,18,29241798
384,738,Backed CSPX Core S&P 500,BCSPX,0x1e2c4fb7ede391d116e6b41cd0608260e8801d59,18,29174699
385,741,IQ,IQ,0x579cea1889991f68acc35ff5c3dd0621ff29b0c9,18,29041304
386,742,Cartesi,CTSI,0x491604c0fdf08347dd1fa4ee062a822a5dd06b5d,18,29011547
387,743,iShares Silver Trust (Ondo Tokenized Stock),SLVON,0xf3e4872e6a4cf365888d93b6146a2baa7348f1a4,18,28961124
388,748,Liquity USD,LUSD,0x5f98805a4e8be255a32880fdec7f6728c6568ba0,18,28681930
389,750,infiniFi Locked iUSD (1week),LIUSD,0x12b004719fb632f1e7c010c6f5d6009fb4258442,18,28431699
390,753,Metronome Synth USD,MSUSD,0xab5eb14c09d416f0ac63661e57edb7aecdb9befa,18,28352892
391,756,wojak,WOJAK,0x8de39b057cc6522230ab19c0205080a8663331ef,18,28227025
392,761,Victoria VR,VR,0x7d5121505149065b562c789a0145ed750e6e8cdd,18,28103796
393,762,Uquid Coin,UQC,0x8806926ab68eb5a7b909dcaf6fdbe5d93271d6e2,18,28090614
394,759,Metis,METIS,0x9e32b13ce7f2e80a01932b42553652e053d6ed8e,18,28084221
395,765,Sophon,SOPH,0x6b7774cb12ed7573a7586e7d0e62a2a563ddd3f0,18,28005681
396,766,Tesla (Ondo Tokenized Stock),TSLAON,0xf6b1117ec07684d3958cad8beb1b302bfd21103f,18,27904062
397,770,Aergo [OLD],AERGO,0x91af0fbb28aba7e31403cb457106ce79397fd4e6,18,27625421
398,771,PHALA,PHA,0x6c5ba91642f10282b576d91922ae6448c9d52f4e,18,27612161
399,772,Monerium EUR emoney [OLD],EURE,0x3231cb76718cdef2155fc47b5286d82e6eda273f,18,27604634
400,773,x-DOL-x,XDOL,0xa4842662637e7c8a0210247d89244b0e45d3f777,18,27586046
401,774,Gravity (by Galxe),G,0x9c7beba8f6ef6643abd725e45a4e8387ef260649,18,27540865
402,776,Stronghold,SHX,0x516d31321928700c6b4fb0db0c8c6bc5d6799787,18,27369414
403,777,BLOCKv,VEE,0x340d2bde5eb28c1eed91b2f790723e3b160613b7,18,27236724
404,778,Arcblock,ABT,0xb98d4c97425d9908e66e53a6fdf673acca0be986,18,27193209
405,781,DOVU,DOVU,0x2aeabde1ab736c59e9a19bed67681869eef39526,18,26905110
406,779,OpenServ,SERV,0x40e3d1a4b2c47d9aa61261f5606136ef73e28042,18,26819073
407,782,Usual,USUAL,0xc4441c2be5d8fa8126822b9929ca0b81ea0de38e,18,26809090
408,784,Anoma,XAN,0xcedbea37c8872c4171259cdfd5255cb8923cf8e7,18,26700988
409,785,Lagrange,LA,0x0fc2a55d5bd13033f1ee0cdd11f60f7efe66f467,18,26639919
410,786,Noon USN,USN,0xda67b4284609d2d48e5d10cfac411572727dc1ed,18,26502340
411,788,XT.com,XT,0x4be10da47a07716af28ad199fbe020501bddd7af,18,26467447
412,789,Chintai,CHEX,0x9ce84f6a69986a83d92c324df10bc8e64771030f,18,26420243
413,790,SEDA,SEDA,0x14862c03a0caccc1ab328b062e64e31b2a1afcd7,18,26389462
414,793,GameBuild,GAME,0x825459139c897d769339f295e962396c4f9e4a4d,18,26282993
415,794,Civic,CVC,0x41e5560054824ea6b0732e656e3ad64e20e94e45,18,26227253
416,796,Smooth Love Potion,SLP,0xcc8fa225d80b9c7d42f96e9570156c65d6caaa25,18,26167671
417,797,Saakuru,SKR,0xe2dca969624795985f2f083bcd0b674337ba130a,18,26121178
418,798,Animecoin,ANIME,0x4dc26fc5854e7648a064a4abd590bbe71724c277,18,26050222
419,799,Acurast,ACU,0x216b3643ff8b7bb30d8a48e9f1bd550126202add,18,25962943
420,802,Echelon Prime,PRIME,0xb23d80f5fefcddaa212212f028021b41ded428cf,18,25845574
421,803,Goldfish Gold,GGBR,0x7e2ac793f3e692f388e66c7dc28f739d13b0b71a,18,25824963
422,804,Aevo,AEVO,0xb528edbef013aff855ac3c50b381f253af13b997,18,25783570
423,805,Big Time,BIGTIME,0x64bc2ca1be492be7185faa2c8835d9b824c8a194,18,25708856
424,806,Nest Basis Vault,NBASIS,0x11113ff3a60c2450f4b22515cb760417259ee94b,18,25607232
425,808,Opinion,OPN,0x7977bf3e7e0c954d12cdca3e013adaf57e0b06e0,18,25483681
426,809,Cobak,CBK,0xd85a6ae55a7f33b0ee113c234d2ee308edeaf7fd,18,25377923
427,811,Stargate Finance,STG,0xaf5191b0de278c7286d6c7cc6ab6bb8a73ba2cd6,18,25022781
428,815,Ocean Protocol,OCEAN,0x967da4048cd07ab37855c090aaf366e4ce1b9f48,18,24781554
429,816,Kyber Network Crystal,KNC,0xdefa4e8a7bcba345f687a2f1456f5edd9ce97202,18,24663313
430,822,Tornado Cash,TORN,0x77777feddddffc19ff86db637967013e6c6a116c,18,24331418
431,823,CargoX,CXO,0xb6ee9668771a79be7967ee29a63d4184f8097143,18,24316586
432,825,Spiko UK T-Bills Money Market Fund,UKTBL,0xf695df6c0f3bb45918a7a82e83348fc59517734e,18,24241126
433,826,Zentry,ZENT,0xdbb7a34bf10169d6d2d0d02a6cbb436cf4381bfa,18,24224707
434,827,Midas mHYPER,MHYPER,0x9b5528528656dbc094765e2abb79f293c21191b9,18,24163162
435,832,Caldera,ERA,0xe2ad0bf751834f2fbdc62a41014f84d67ca1de2a,18,24011712
436,834,FOLKS,FOLKS,0xff7f8f301f7a706e3cfd3d2275f5dc0b9ee8009b,18,23993520
437,838,Nasdaq xStock,QQQX,0xa753a7395cae905cd615da0b82a53e0560f250af,18,23793893
438,841,Chromia,CHR,0x8a2279d4a90b6fe1c4b30fa660cc9f926797baa2,18,23536220
439,842,DIA,DIA,0x84ca8bc7997272c7cfb4d0cd3d55cd942b3c9419,18,23524732
440,845,Eclipse,ES,0x6055dc6ff1077eebe5e6d2ba1a1f53d7ef8430de,18,23375211
441,846,Pocket Network,POKT,0x764a726d9ced0433a8d7643335919deb03a9a935,18,23350426
442,849,Infinex,INX,0xdef1b2d939edc0e4d35806c59b3166f790175afe,18,23226715
443,851,Nillion,NIL,0x7cf9a80db3b29ee8efe3710aadb7b95270572d47,18,23215520
444,850,SynFutures,F,0x6e15a54b5ecac17e58dadeddbe8506a7560252f9,18,23202134
445,852,Adshares,ADS,0xcfcecfe2bd2fed07a9145222e8a7ad9cf1ccd22a,18,23174604
446,853,Vultisig,VULT,0xb788144df611029c60b859df47e79b7726c4deba,18,23159174
447,856,Electronic USD,EUSD,0xa0d69e286b938e21cbf7e51d71f6a4c8918f482f,18,22988311
448,857,Fluent,BLEND,0xd8a271974e8edae9d7b58e3370dc1669427503f4,18,22950022
449,859,Nym,NYM,0x525a8f6f3ba4752868cde25164382bfbae3990e1,18,22914047
450,860,Delysium,AGI,0x7da2641000cbb407c329310c461b2cb9c70c3046,18,22906992
451,862,Alphabet xStock,GOOGLX,0xe92f673ca36c5e2efd2de7628f815f84807e803f,18,22765462
452,864,Bifrost,BFC,0x0c7d5ae016f806603cb1782bea29ac69471cab9c,18,22611183
453,866,SingularityNET,AGIX,0x5b7533812759b45c2b44c19e320ba2cd2681b542,18,22560401
454,867,Treasure,MAGIC,0xb0c7a3ba49c7a6eaba6cd4a96c55a1391070ac9a,18,22548187
455,870,Adventure Gold,AGLD,0x32353a6c91143bfd6c7d363b546e62a9a2489a20,18,22502722
456,871,QuarkChain,QKC,0xea26c4ac16d4a5a106820bc8aee85fd0b7b2b664,18,22458001
457,873,Advertise Coin,ADCO,0xb6c3dc857845a713d3531cea5ac546f6767992f4,18,22341860
458,874,A Hunters Dream,CAW,0xf3b9569f82b18aef890de263b84189bd33ebe452,18,22334624
459,878,Bit2Me,B2M,0xd7c302fc3ac829c7e896a32c4bd126f3e8bd0a1f,18,22118148
460,880,Yield Basis,YB,0x01791f726b4103694969820be083196cc7c045ff,18,21988738
461,883,Intel (Ondo Tokenized Stock),INTCON,0xfda09936dbd717368de0835ba441d9e62069d36f,18,21939588
462,884,Loopring,LRC,0xbbbbca6a901c926f240b89eacb641d8aec7aeafd,18,21797913
463,885,Compounding OpenDollar,CUSDO,0xad55aebc9b8c03fc43cd9f62260391c13c23e7c0,18,21765942
464,886,Boundless,ZKC,0x000006c2a22ff4a44ff1f5d0f2ed65f781f55555,18,21765186
465,887,Osaka Protocol,OSAK,0xa21af1050f7b26e0cff45ee51548254c41ed6b5c,18,21716541
466,888,Synthetix sUSD,SUSD,0x57ab1ec28d129707052df4df418d58a2d46d5f51,18,21661482
467,892,Coin98,C98,0xae12c5930881c53715b369cec7606b70d8eb229f,18,21518846
468,895,Orderly,ORDER,0xabd4c63d2616a5201454168269031355f4764337,18,21115176
469,896,Taiko,TAIKO,0x10dea67478c5f8c5e2d90e5e9b26dbe60c54d800,18,21097663
470,899,Propy,PRO,0x226bb599a12c826476e3a771454697ea52e9e220,18,20914995
471,904,StrikeX,STRX,0x4ed257678fc4e76df9642a416b223729fdedbefd,18,20616947
472,905,Hunt,HUNT,0x9aab071b4129b083b01cb5a0cb513ce7eca26fa5,18,20563127
473,906,JPY Coin,JPYC,0xe7c3d8c9a439fede00d2600032d5db0be71c3c29,18,20528404
474,907,Energy Web Token,EWT,0x178c820f862b14f316509ec36b13123da19a6054,18,20495599
475,913,Allora,ALLO,0x8408d45b61f5823298f19a09b53b7339c0280489,18,20176308
476,914,COINDEPO,COINDEPO,0xb40725714fe8c547c5b0c1472cba3554efa81718,18,20105328
477,915,INFINIT,IN,0x61fac5f038515572d6f42d4bcb6b581642753d50,18,20028115
478,916,MAP Protocol,MAPO,0x66d79b8f60ec93bfce0b56f5ac14a2714e509a99,18,19993544
479,918,MAX,MAX,0xe7976c4efc60d9f4c200cc1bcef1a1e3b02c73e7,18,19923990
480,919,JPY Coin,JPYC,0x431d5dff03120afa4bdf332c61a6e1766ef37bdb,18,19872516
481,922,QANplatform,QANX,0xaaa9214f675316182eaa21c85f0ca99160cc3aaa,18,19663643
482,923,Aurora,AURORA,0xaaaaaa20d9e0e2461697782ef11675f668207961,18,19590773
483,925,Re Protocol reUSDe,REUSDE,0xddc0f880ff6e4e22e4b74632fbb43ce4df6ccc5a,18,19268774
484,926,GAIB AID,AID,0x18f52b3fb465118731d9e0d276d4eb3599d57596,18,19213048
485,927,AVA (Travala),AVA,0xa6c0c097741d55ecd9a3a7def3a8253fd022ceb9,18,19209548
486,928,KernelDAO,KERNEL,0x3f80b1c54ae920be41a77f8b902259d48cf24ccf,18,19194242
487,929,HarryPotterObamaSonic10Inu (ETH),BITCOIN,0x72e4f9f808c49a2a61de9c5896298920dc4eeea9,18,19187997
488,931,iShares 20+ Year Treasury Bond ETF (Ondo Tokenized ETF),TLTON,0x992651bfeb9a0dcc4457610e284ba66d86489d4d,18,19163154
489,935,DODO,DODO,0x43dfc4159d86f3a37a5a4b3d4580b888ad7d4ddd,18,18887134
490,937,Orochi Network,ON,0x33f6be84becff45ea6aa2952d7ef890b44bfb59d,18,18783199
491,939,Tree,TREE,0xba25b2281214300e4e649fead9a6d6acd25f1c0a,18,18761276
492,940,Backed IB01 $ Treasury Bond 0-1yr,BIB01,0xca30c93b02514f86d5c86a6e375e3a330b435fb5,18,18740609
493,942,Chainflip,FLIP,0x826180541412d574cf1336d22c0c0a287822678a,18,18713713
494,944,Based,BASED,0x4f2b33840227ddd0e28da8d4185d6fa07adfed87,18,18614837
495,946,Biconomy,BICO,0xf17e65822b568b3903685a7c9f496cf7656cc6c2,18,18550761
496,948,AITECH Cloud Network,ACN,0x3e76dd57e649a263a532cc9bcc58b32a065fb2a4,18,18510817
497,954,Checkmate,CHECK,0x9126236476efba9ad8ab77855c60eb5bf37586eb,18,18126120
498,959,Radworks,RAD,0x31c8eacbffdd875c74b94b077895bd78cf1e64a3,18,18058748
499,958,Data Ownership Protocol 2,DOP2,0xa37db5456b5938aa50b33575ae2eb8048ca5959b,18,17959508
500,960,JPY Coin v1,JPYC,0x2370f9d504c7a6e775bf6e14b3f12846b594cd53,18,17892272
501,962,Enso,ENSO,0x699f088b5dddcafb7c4824db5b10b57b37cb0c66,18,17801850
502,963,MEZO,MEZO,0x8e4cbbcc33db6c0a18561fde1f6ba35906d4848b,18,17764488
503,965,Hegic,HEGIC,0x584bc13c7d411c00c01a62e8019472de68768430,18,17642937
504,966,StakeStone,STO,0x1d88713b483a8e45cff0e5cd7c2e15e5fab4534d,18,17571849
505,968,Royal Euro,REUR,0x3ed0b3c4c0168a560d34e361b8130dcca4677736,18,17456492
506,976,Morpheus AI,MOR,0xcbb8f1bda10b9696c57e13bc128fe674769dcec0,18,17308092
507,984,AI Analysis Token,AIAT,0x0501b9188436e35bb10f35998c40adc079003866,18,17260716
508,974,Power Protocol,POWER,0x9dc44ae5be187eca9e2a67e33f27a4c91cea1223,18,17242266
509,979,Corn,CORN,0x44f49ff0da2498bcb1d3dc7c0f999578f67fd8c6,18,17174800
510,982,USP Yield Optimized Stablecoin,USP,0x098697ba3fee4ea76294c5d6a466a4e3b3e95fe6,18,17070493
511,987,Newton Protocol,NEWT,0xd0ec028a3d21533fdd200838f39c85b03679285d,18,16893445
512,988,DeGate,DG,0x53c8395465a84955c95159814461466053dedede,18,16849536
513,990,Faith Tribe,FTRB,0x2596825a84888e8f24b747df29e11b5dd03c81d7,18,16734234
514,991,Metadium,META,0xde2f7766c8bf14ca67193128535e5c7454f8387c,18,16707182
515,992,Keep Network,KEEP,0x85eee30c52b0b379b046fb0f85f4f3dc3009afec,18,16694789
516,993,BOB (Build on Bitcoin),BOB,0xc9746f73cc33a36c2cd55b8aefd732586946cedd,18,16636017
517,994,Dolomite,DOLO,0x0f81001ef0a83ecce5ccebf63eb302c70a39a654,18,16624328
518,1001,iShares Core MSCI EAFE ETF (Ondo Tokenized ETF),IEFAON,0xfeff7a377a86462f5a2a872009722c154707f09e,18,16382922
519,1000,Spacecoin,SPACE,0x87acfa3fd7a6e0d48677d070644d76905c2bdc00,18,16375697
520,1005,Banana Gun,BANANA,0x38e68a37e401f7271568cecaac63c6b1e19130b4,18,16338023
521,1006,Layer3,L3,0x88909d489678dd17aa6d9609f89b0419bf78fd9a,18,16336702
522,1008,Avail,AVAIL,0xeeb4d8400aeefafc1b2953e0094134a887c76bd8,18,16175666
523,1009,Shardus,ULT,0x09617f6fd6cf8a71278ec86e23bbab29c04353a7,18,16131743
524,1011,Huobi,HT,0x6f259637dcd74c767781e37bc6133cd6a68aa161,18,16130274
525,1018,Celer Network,CELR,0x4f9254c83eb525f9fcf346490bbb3ed28a81c667,18,15966291
526,1023,Capx AI,CAPX,0x833e53f1e2d320e0768671dee5cec88b2d93330f,18,15790506
527,1025,SMARDEX,SDEX,0x5de8ab7e27f6e7a1fff3e5b337584aa43961beef,18,15759665
528,1027,zkPass,ZKP,0xe1be424f442d0687129128c6c38aace44f8c8dbc,18,15660332
529,1028,MicroStrategy (Ondo Tokenized Stock),MSTRON,0xcabd955322dfbf94c084929ac5e9eca3feb5556f,18,15643172
530,1030,Origin Token,OGN,0x8207c1ffc5b6804f6024322ccf34f29c3541ae26,18,15551393
531,1031,stake.link,SDL,0xa95c5ebb86e0de73b4fb8c47a45b792cfea28c23,18,15536839
532,1035,Microsoft (Ondo Tokenized Stock),MSFTON,0xb812837b81a3a6b81d7cd74cfb19a7f2784555e5,18,15469588
533,1037,HOPR,HOPR,0xf5581dfefd8fb0e4aec526be659cfab1f8c781da,18,15368869
534,1039,Handy,HANDY,0x8bbe1a2961b41340468d0548c2cd5b7dfa9b684c,18,15287861
535,1040,Storj,STORJ,0xb64ef51c888972c908cfacf59b47c1afbc0ab8ac,18,15168570
536,1042,IXS,IXS,0x73d7c860998ca3c01ce8c808f5577d94d545d1b4,18,15132723
537,1029,PolySwarm,NCT,0x9e46a38f5daabe8683e10793b06749eef7d733d1,18,15099530
538,1044,Lumia,LUMIA,0xd9343a049d5dbd89cd19dc6bca8c48fb3a0a42a7,18,15094649
539,1049,XSGD,XSGD,0x70e8de73ce538da2beed35d14187f6959a8eca96,18,14936689
540,1054,Bone ShibaSwap,BONE,0x9813037ee2218799597d83d4a5b6f3b6778218d9,18,14662219
541,1056,Gods Unchained,GODS,0xccc8cb5229b0ac8069c51fd58367fd1e622afd97,18,14656520
542,1057,Alpha Quark,AQT,0x2a9bdcff37ab68b95a53435adfd8892e86084f93,18,14600929
543,1058,RSS3,RSS3,0xc98d64da73a6616c42117b582e832812e7b8d57f,18,14561998
544,1062,Artificial Liquid Intelligence,ALI,0x6b0b3a982b4634ac68dd83a4dbf02311ce324181,18,14488231
545,1063,SanDisk (Ondo Tokenized),SNDKON,0x71e2400cf1cb83204f33794ed326636a71a9aafc,18,14473359
546,1066,Firmachain,FCT,0xe1bad922f84b198a08292fb600319300ae32471b,18,14388966
547,1067,SuperRare,RARE,0xba5bde662c17e2adff1075610382b9b691296350,18,14386643
548,1069,iShares Core US Aggregate Bond ETF (Ondo Tokenized ETF),AGGON,0xff7cf16aa2ffc463b996db2f7b7cf0130336899d,18,14333325
549,1070,BounceBit,BB,0xd459eceddafcc1d876a3be7290a2e16e801073a3,18,14306984
550,1071,Stader,SD,0x30d20208d987713f46dfd34ef128bb16c404d10f,18,14297904
551,1073,SWEAT,SWEAT,0xb4b9dc1c77bdbb135ea907fd5a08094d98883a35,18,14261982
552,1075,Maverick Protocol,MAV,0x7448c7456a97769f6cd04f1e83a4a23ccdc46abd,18,14206459
553,1077,Goldfinch,GFI,0xdab396ccf3d84cf2d07c4454e10c8a6f5b008d2b,18,14061047
554,1078,SPACE ID,ID,0x2dff88a56767223a5529ea5960da7a3f5f766406,18,14049737
555,1081,iShares Gold Trust (Ondo Tokenized Stock),IAUON,0x4f0ca3df1c2e6b943cf82e649d576ffe7b2fabcf,18,14005945
556,1083,Alien Worlds,TLM,0x888888848b652b3e3a0f34c96e00eec0f3a23f72,18,14005563
557,1084,SideShift,XAI,0x35e78b3982e87ecfd5b3f3265b601c046cdbe232,18,13947640
558,1085,Resolv,RESOLV,0x259338656198ec7a76c729514d3cb45dfbf768a1,18,13946206
559,1089,DeBox,BOX,0x32b77729cd87f1ef2bea4c650c16f89f08472c69,18,13798180
560,1091,Cookie DAO,COOKIE,0xc0041ef357b183448b235a8ea73ce4e4ec8c265f,18,13736468
561,1094,My Neighbor Alice,ALICE,0xac51066d7bec65dc4589368da368b212745d63e8,18,13729903
562,1096,Tribe,TRIBE,0xc7283b66eb1eb5fb86327f08e1b5816b0720212b,18,13627402
563,1097,Marlin,POND,0x57b946008913b82e4df85f501cbaed910e58d26c,18,13596134
564,1098,Oracle (Ondo Tokenized Stock),ORCLON,0x8a23c6baadb88512b30475c83df6a63881e33e1e,18,13546062
565,1104,VitaDAO,VITA,0x81f8f0bb1cb2a06649e51913a151f0e7ef6fa321,18,13259438
566,1106,Alchemix,ALCX,0xdbdb4d16eda451d0503b854cf79d55697f90c8df,18,13241742
567,1111,Cortex,CX,0x000000000000012def132e61759048be5b5c6033,18,13152557
568,1116,Boba Network,BOBA,0x42bbfa2e77757c645eeaad1655e0911a7553efbc,18,13039571
569,1115,Apple (Ondo Tokenized Stock),AAPLON,0x14c3abf95cb9c93a8b82c1cdcb76d72cb87b2d4c,18,13025641
570,1118,Coinmetro,XCM,0x36ac219f90f5a6a3c77f2a7b660e3cc701f68e25,18,13011361
571,1120,ELYSIA,EL,0x2781246fe707bb15cee3e5ea354e2154a2877b16,18,12913226
572,1122,USD CoinVertible,USDCV,0x5422374b27757da72d5265cc745ea906e0446634,18,12900804
573,1125,StablR Euro,EURR,0x50753cfaf86c094925bf976f218d043f8791e408,18,12869121
574,1131,Wilder World,WILD,0x2a3bff78b79a009976eea096a51a948a3dc00e34,18,12792625
575,1132,Vulcan Forged,PYR,0x430ef9263e76dae63c84292c3409d61c598e9682,18,12761543
576,1130,Puffer,PUFFER,0x4d1c297d39c5c1277964d0e3f8aa901493664530,18,12751207
577,1133,CorgiAI,CORGIAI,0x6b431b8a964bfcf28191b07c91189ff4403957d0,18,12686800
578,1103,PunkStrategy,PNKSTR,0xc50673edb3a7b94e8cad8a7d4e0cd68864e33edf,18,12663330
579,1140,Ninja Squad Token,NST,0x70bef3bb2f001da2fddb207dae696cd9faff3f5d,18,12611875
580,1142,Midas mRe7YIELD,MRE7YIELD,0x87c9053c819bb28e0d73d33059e1b3da80afb0cf,18,12474625
581,1143,SquidGrow,SQGROW,0xb72e76ccf005313868db7b48070901a44629da98,18,12456935
582,1145,WOM Protocol,WOM,0xbd356a39bff2cada8e9248532dd879147221cf76,18,12306596
583,1154,iShares Core S&P Total US Stock Market ETF (Ondo Tokenized ETF),ITOTON,0x0692481c369e2bdc728a69ae31b848343a4567be,18,12238123
584,1148,Hashflow,HFT,0xb3999f658c0391d94a37f7ff328f3fec942bcadc,18,12237260
585,1149,Mossland,MOC,0x8bbfe65e31b348cd823c62e02ad8c19a84dd0dab,18,12235200
586,1150,LocalCoinSwap,LCS,0xaa19961b6b858d9f18a115f25aa1d98abc1fdba8,18,12219692
587,1155,Resolv Liquidity Provider Token,RLP,0x4956b52ae2ff65d74ca2d61207523288e4528f96,18,12165676
588,1157,TokenFi,TOKEN,0x4507cef57c46789ef8d1a19ea45f4216bae2b528,18,12133703
589,1158,Vanar Chain,VANRY,0x8de5b80a0c1b02fe4976851d030b36122dbb8624,18,12075042
590,1159,WalletConnect Token,WCT,0xef4461891dfb3ac8572ccf7c794664a8dd927945,18,12072823
591,1161,Nest BlackOpal LiquidStone II Vault,NOPAL,0x119dd7daff816f29d7ee47596ae5e4bdc4299165,18,12003539
592,1162,ThunderCore,TT,0x1e053d89e08c24aa2ce5c5b4206744dc2d7bd8f5,18,11967858
593,1163,ARPA,ARPA,0xba50933c268f567bdc86e1ac131be072c6b0b71a,18,11886016
594,1168,Synapse,SYN,0x0f2d719407fdbeff09d87557abb7232601fd9f29,18,11741670
595,1169,Midas mMEV,MMEV,0x030b69280892c888670edcdcd8b69fd8026a0bf3,18,11727815
596,1172,Stable Coin,SBC,0xf9fb20b8e097904f0ab7d12e9dbee88f2dcd0f16,18,11697208
597,1176,AMD (Ondo Tokenized Stock),AMDON,0x0c1f3412a44ff99e40bf14e06e5ea321ae7b3938,18,11666665
598,1177,Worldwide USD,WUSD,0x7cd017ca5ddb86861fa983a34b5f495c6f898c41,18,11568959
599,1185,Pentagon Chain,PC,0xa1aa371e450c5aee7fff259cbf5cca9384227272,18,11514608
600,1186,Assemble AI,ASM,0x2565ae0385659badcada1031db704442e1b69982,18,11483201
601,1188,USUALx,USUALX,0x06b964d96f5dcf7eae9d7c559b09edce244d4b8e,18,11429812
602,1192,iShares TIPS Bond ETF (Ondo Tokenized ETF),TIPON,0x2df38ca485d01fc15e4fd85847ed26b7ef871c1c,18,11358828
603,1197,DAO Maker,DAO,0x0f51bb10119727a7e5ea3538074fb341f56b09ad,18,11243489
604,1198,heyAura,ADX,0xade00c28244d5ce17d72e40330b1c318cd12b7c3,18,11192517
605,1199,Vestra DAO,VSTR,0x92d5942f468447f1f21c2092580f15544923b434,18,11187097
606,1203,Stables Labs USDX,USDX,0xf3527ef8de265eaa3716fb312c12847bfba66cef,18,11033981
607,1206,Apu Apustaja,APU,0x594daad7d77592a2b97b725a7ad59d7e188b5bfa,18,10993097
608,1207,Avalon,AVL,0x5c8d0c48810fd37a0a824d074ee290e64f7a8fa2,18,10977337
609,1208,Dinero,DINERO,0x6df0e641fc9847c0c6fde39be6253045440c14d3,18,10938990
610,1209,Elastos,ELA,0xe6fd75ff38adca4b97fbcd938c86b98772431867,18,10883341
611,1212,YieldFi yToken,YUSD,0x19ebd191f7a24ece672ba13a302212b5ef7f35cb,18,10860313
612,1213,iShares MSCI EAFE ETF (Ondo Tokenized ETF),EFAON,0x4111b60bc87f2bd1e81e783e271d7f0ec6ee088b,18,10808154
613,1217,inSure DeFi,SURE,0xcb86c6a22cb56b6cf40cafedb06ba0df188a416e,18,10776686
614,1223,Treehouse,TREE,0x77146784315ba81904d654466968e3a7c196d1f3,18,10691944
615,1226,Forta,FORT,0x41545f8b9472d758bb669ed8eaeeecd7a9c4ec29,18,10650076
616,1234,Destra Network,DSYNC,0xf94e7d0710709388bce3161c32b4eea56d3f91cc,18,10581248
617,1235,ANyONe Protocol,ANYONE,0xfeac2eae96899709a43e252b6b92971d32f9c0f9,18,10572201
618,1227,Yellow,YELLOW,0x236eb848c95b231299b4aa9f56c73d6893462720,18,10546485
619,1237,Inverse Finance,INV,0x41d5d79431a913c4ae7d69a668ecdfe5ff9dfb68,18,10530495
620,1239,Spiko Digital Assets Cash & Carry Fund,SPKCC,0x4f33acf823e6eeb697180d553ce0c710124c8d59,18,10494390
621,1242,OpenVPP,OVPP,0xb4c6fedd984bc983b1a758d0875f1ea34f81a6af,18,10471804
622,1243,Epic Chain,EPIC,0x94314a14df63779c99c0764a30e0cd22fa78fc0e,18,10443735
623,1244,Nest Alpha Vault (LP),INALPHA,0x64ab176c545bb85eca75d53c3ffcb361deafb855,18,10442662
624,1245,Yala Stablecoin,YU,0xe868084cf08f3c3db11f4b73a95473762d9463f7,18,10441409
625,1247,Hanu Yokia,HANU,0x72e5390edb7727e3d4e3436451dadaff675dbcc0,18,10438423
626,1248,Joe Coin,JOE,0x76e222b07c53d28b89b0bac18602810fc22b49a8,18,10421888
627,1249,Enzyme,MLN,0xec67005c4e498ec7f55e092bd1d35cbc47c91892,18,10347474
628,1251,TG.Casino,TGC,0x25b4f5d4c314bcd5d7962734936c957b947cb7cf,18,10283900
629,1252,XION,XION,0x24d7ad9402717f429a81925fe7643b78918eda8b,18,10231994
630,1253,MyShell,SHELL,0xf2c88757f8d03634671208935974b60a2a28bdb3,18,10159853
631,1257,Backed GOVIES 0-6 months EURO,BC3M,0x2f123cf3f37ce3328cc9b5b8415f9ec5109b45e7,18,10045133
632,1259,eUSD,EUSD,0x14913815bcfde78baead2111f463d038ac9c2949,18,9998849
633,1262,Foom,FOOM,0xd0d56273290d339aaf1417d9bfa1bb8cfe8a0933,18,9941884
634,1263,Rupiah Token,IDRT,0x998ffe1e43facffb941dc337dd0468d52ba5b48a,18,9928513
635,1273,Balancer,BAL,0xba100000625a3754423978a60c9317c58a424e3d,18,9786316
636,1274,iShares Core MSCI Emerging Markets ETF (Ondo Tokenized ETF),IEMGON,0xcdd60d15125bf3362b6838d2506b0fa33bc1a515,18,9742835
637,1276,Hey Anon,ANON,0x79bbf4508b1391af3a0f4b30bb5fc4aa9ab0e07c,18,9681750
638,1278,OORT,OORT,0x5651fa7a726b9ec0cad00ee140179912b6e73599,18,9650755
639,1282,Bitgert,BRISE,0xf2b2f7b47715256ce4ea43363a867fdce9353e3a,18,9595637
640,1281,HairDAO,HAIR,0x9ce115f0341ae5dabc8b477b74e83db2018a6f42,18,9584581
641,1285,Gitcoin,GTC,0xde30da39c46104798bb5aa3fe8b9e0e1f348163f,18,9539635
642,1286,PAAL AI,PAAL,0x14fee680690900ba0cccfc76ad70fd1b95d10e16,18,9512172
643,1289,Midas mAPOLLO,MAPOLLO,0x7cf9dec92ca9fd46f8d86e7798b72624bc116c05,18,9495007
644,1290,iShares Russell 1000 Growth ETF (Ondo Tokenized ETF),IWFON,0x8d05432c2786e3f93f1a9a62b9572dbf54f3ea06,18,9472511
645,1296,Realio Network Token,RIO,0x94a8b4ee5cd64c79d0ee816f467ea73009f51aa0,18,9366716
646,1298,edeXa,EDX,0xc114678c6e4654d041b2006c90f08478b444c4e2,18,9357645
647,1300,JumpToken,JMPT,0x420a24c9c65bd44c48bfb1cc8d6cd1ea8b1ac840,18,9301811
648,1301,Polkastarter,POLS,0x83e6f1e41cdd28eaceb20cb649155049fac3d5aa,18,9281825
649,1305,Bella Protocol,BEL,0xa91ac63d040deb1b7a5e4d4134ad23eb0ba07e14,18,9184176
650,1311,THORSwap,THOR,0xa5f2211b9b8170f694421f2046281775e8468044,18,9129507
651,1313,Heroes of Mavia,MAVIA,0x24fcfc492c1393274b6bcd568ac9e225bec93584,18,9106019
652,1317,Badger,BADGER,0x3472a5a71965499acd81997a54bba8d852c6e53d,18,9047178
653,1318,LandWolf,WOLF,0x67466be17df832165f8c80a5a120ccc652bd7e69,18,9010038
654,1319,Autonolas,OLAS,0x0001a500a6b18995b03f44bb040a5ffc28e45cb0,18,9007516
655,1323,Stake DAO,SDT,0x73968b9a57c6e53d41345fd57a6e6ae27d6cdb2f,18,8985017
656,1324,OMG Network,OMG,0xd26114cd6ee289accf82350c8d8487fedb8a0c07,18,8964642
657,1329,ANDY ETH,ANDY,0x68bbed6a47194eff1cf514b50ea91895597fc91e,18,8867758
658,1330,Peercoin,PPC,0x044d078f1c86508e13328842cc75ac021b272958,18,8861297
659,1331,Ethix,ETHIX,0xfd09911130e6930bf87f2b0554c44f400bd80d3e,18,8853801
660,1333,saffron.finance,SFI,0xb753428af26e81097e7fd17f40c88aaa3e04902c,18,8819726
661,1334,Coinbase (Ondo Tokenized Stock),COINON,0xf042cfa86cf1d598a75bdb55c3507a1f39f9493b,18,8804362
662,1337,Milady Meme Coin,LADYS,0x12970e6868f88f6557b76120662c1b3e50a646bf,18,8718256
663,1339,XBorg,XBG,0xeae00d6f9b16deb1bd584c7965e4c7d762f178a1,18,8706802
664,1340,Wibx,WBX,0xbb97e381f1d1e94ffa2a5844f6875e6146981009,18,8682358
665,1343,YieldNest RWA MAX,YNRWAX,0x01ba69727e2860b37bc1a2bd56999c1afb4c15d8,18,8639961
666,1344,Coinweb,CWEB,0x505b5eda5e25a67e1c24a2bf1a527ed9eb88bf04,18,8611265
667,1348,Backed Coinbase Global,BCOIN,0xbbcb0356bb9e6b3faa5cbf9e5f36185d53403ac9,18,8546341
668,1350,Green,GREEN,0xb2089a7069861c8d90c8da3aacab8e9188c0c531,18,8531229
669,1351,Dar Open Network,D,0x33b481cbbf3c24f2b3184ee7cb02daad1c4f49a8,18,8524504
670,1354,DexTools,DEXT,0xfb7b4564402e5500db5bb6d63ae671302777c75a,18,8459498
671,1360,EURØP,EUROP,0x888883b5f5d21fb10dfeb70e8f9722b9fb0e5e51,18,8412418
672,1368,ElizaOS,ELIZAOS,0xea17df5cf6d172224892b5477a16acb111182478,18,8385220
673,1364,Milady Cult Coin,CULT,0x0000000000c5dc95539589fbd24be07c6c14eca4,18,8343907
674,1363,GVNR,GVNR,0xfc60fc0145d7330e5abcfc52af7b043a1ce18e7d,18,8325527
675,1370,Augur,REP,0x221657776846890989a759ba2973e427dff5c9bb,18,8256370
676,1371,Oraichain,ORAI,0x4c11249814f11b9346808179cf06e71ac328c1b5,18,8198818
677,1372,TOMI,TOMI,0x4385328cc4d643ca98dfea734360c0f596c83449,18,8148432
678,1373,Gold xStock,GLDX,0x2380f2673c640fb67e2d6b55b44c62f0e0e69da9,18,8145308
679,1374,Hemi,HEMI,0xeb964a1a6fab73b8c72a0d15c7337fa4804f484d,18,8084081
680,1379,BitMEX,BMEX,0xb113c6cf239f60d380359b762e95c13817275277,18,8053590
681,1380,PDD Holdings (Ondo Tokenized),PDDON,0xcc40965d3621362c3ee1dd946ba98d6a708ea86b,18,8017717
682,1381,Pikaboss,PIKA,0xa9d54f37ebb99f83b603cc95fc1a5f3907aaccfd,18,8015393
683,1383,Beta Finance,BETA,0xbe1a001fe942f96eea22ba08783140b9dcc09d28,18,8002936
684,1388,Syndicate,SYND,0x1bab804803159ad84b8854581aa53ac72455614e,18,7960658
685,1392,Turtle,TURTLE,0x66fd8de541c0594b4dccdfc13bf3a390e50d3afd,18,7853658
686,1393,Portal,PORTAL,0x1bbe973bef3a977fc51cbed703e8ffdefe001fed,18,7847720
687,1394,Wayfinder,PROMPT,0x28d38df637db75533bd3f71426f3410a82041544,18,7832352
688,1398,Quickswap,QUICK,0xd2ba23de8a19316a638dc1e7a9adda1d74233368,18,7809095
689,1404,BigShortBets,BIGSB,0x131157c6760f78f7ddf877c0019eba175ba4b6f6,18,7778810
690,1402,SHOW,SHOW,0x4f37d5c3f8ddc5976ed65b5815705247edc56120,18,7767418
691,1405,Spiko Amundi Overnight Swap Fund (GBP),GBPSAFO,0xc273986a91e4bfc543610a5cb5860b7cfefb6cc0,18,7746907
692,1406,Bitlayer,BTR,0x6c76de483f1752ac8473e2b4983a873991e70da7,18,7745955
693,1407,I love puppies,PUPPIES,0xcf91b70017eabde82c9671e30e5502d312ea6eb2,18,7735648
694,1411,Meta Platforms (Ondo Tokenized Stock),METAON,0x59644165402b611b350645555b50afb581c71eb2,18,7720926
695,1412,Taiwan Semiconductor Manufacturing (Ondo Tokenized Stock),TSMON,0x3cafdbfe682aec17d5ace2f97a2f3ab3dcf6a4a9,18,7711114
696,1413,Marvell Technology (Ondo Tokenized Stock),MRVLON,0xf404e5f887dbd5508e16a1198fcdd5de1a4296b8,18,7684565
697,1417,sETH,SETH,0x5e74c9036fb86bd7ecdcb084a0673efc32ea31cb,18,7629810
698,1422,Radio Caca,RACA,0x12bb890508c125661e03b09ec06e404bc9289040,18,7590048
699,1421,Dimitra,DMTR,0x51cb253744189f11241becb29bedd3f1b5384fdb,18,7577033
700,1425,Heima,HEI,0xf8f173e20e15f3b6cb686fb64724d370689de083,18,7574776
701,1427,OPENLOOT,OL,0x1f57da732a77636d913c9a75d685b26cc85dcc3a,18,7568955
702,1426,Gold Token SA DGLD Tokenized Gold,DGLD,0xa9299c296d7830a99414d1e5546f5171fa01e9c8,18,7568369
703,1428,Bitcoin Pro,BTCP,0x723cbfc05e2cfcc71d3d89e770d32801a5eef5ab,18,7510972
704,1432,WorldAssets,INC,0x7575c2e267a1a2ff98ac65bc26d40c948989031b,18,7459436
705,1434,IlluminatiCoin,NATI,0x0b9ae6b1d4f0eeed904d1cef68b9bd47499f3fff,18,7444183
706,1435,DeFi Janus Henderson Anemoy AAA CLO Fund,DEJAAA,0xaaa0008c8cf3a7dca931adaf04336a5d808c82cc,18,7431672
707,1436,Pofu,POFU,0xae53d5bdc95e83e956a2f29771b18175abb8273f,18,7422108
708,1437,Draggable Aktionariat AG,DAKS,0x6f38e0f1a73c96cb3f42598613ea3474f09cb200,18,7406056
709,1439,Wecan,WECAN,0xea60cd69f2b9fd6eb067bddbbf86a5bdeffbbc55,18,7405975
710,1440,Anzen USDz,USDZ,0xa469b7ee9ee773642b3e93e842e5d9b5baa10067,18,7390538
711,1441,iShares MSCI Emerging Markets ETF (Ondo Tokenized ETF),EEMON,0x77a1a02e4a888ada8620b93c30de8a41e621126c,18,7382371
712,1442,Wrapped Hypertensor,TENSOR,0x16a3543fa6b32cac3b0a755f64a729e84f89a75c,18,7366660
713,1444,SX Network,SX,0xbe9f61555f50dd6167f2772e9cf7519790d96624,18,7334893
714,1452,FUNToken,FUN,0x419d0d8bdd9af5e606ae2232ed285aff190e711b,18,7258972
715,1455,OpenEden,EDEN,0x24a3d725c37a8d1a66eb87f0e5d07fe67c120035,18,7227063
716,1456,Niza Global,NIZA,0x373f323d21b38004d17386c18680c57657f78040,18,7179351
717,1458,Kekius Maximus,KEKIUS,0x26e550ac11b26f78a04489d5f20f24e3559f7dd9,18,7164548
718,1457,Brickken,BKN,0x0a638f07acc6969abf392bb009f216d22adea36d,18,7151553
719,1471,Unipeg,UPEG,0x44b28991b167582f18ba0259e0173176ca125505,18,7128269
720,1463,HUSD,HUSD,0xdf574c24545e5ffecb9a659c229253d4111d87e1,18,7094538
721,1462,OneFootball Club,OFC,0x9cb7a4ef0cae65b07362bc679a0b874041e3da53,18,7091982
722,1464,PepeCoin,PEPECOIN,0xa9e8acf069c58aec8825542845fd754e41a9489a,18,7091552
723,1468,LimeWire,LMWR,0x628a3b2e302c7e896acc432d2d0dd22b6cb9bc88,18,7055008
724,1473,Agoras: Tau Net,AGRS,0x738865301a9b7dd80dc3666dd48cf034ec42bdda,18,7018209
725,1472,World Friendship Cash,WFCA,0xae4533189c7281501f04ba4b7c37e3aded402902,18,7016256
726,1474,SpaceChain (ERC-20),SPC,0x86ed939b500e121c0c5f493f399084db596dad20,18,7012787
727,1475,Kleros,PNK,0x93ed3fbe21207ec2e8f2d3c3de6e058cb73bc04d,18,6997610
728,1477,Amazon (Ondo Tokenized Stock),AMZNON,0xbb8774fb97436d23d74c1b882e8e9a69322cfd31,18,6972828
729,1479,StablR USD,USDR,0x7b43e3875440b44613dc3bc08e7763e6da63c8f8,18,6966190
730,1481,Alephium,ALPH,0x590f820444fa3638e022776752c5eef34e2f89a6,18,6949585
731,1482,Towns,TOWNS,0x000000fa00b200406de700041cfc6b19bbfb4d13,18,6935156
732,1485,Nomina,NOM,0x6e6f6d696e61decd6605bd4a57836c5db6923340,18,6894577
733,1487,Unstable Coin,USDUC,0xecedb6f8108b9f7bbf499da843dced6c2bb6e270,18,6851721
734,1488,Own The Doge,DOG,0xbaac2b4491727d78d2b78815144570b9f2fe8899,18,6838477
735,1489,Upland,SPARKLET,0x0bc37bea9068a86c221b8bd71ea6228260dad5a2,18,6825209
736,1492,Nest Alpha Vault,NALPHA,0x593ccca4c4bf58b7526a4c164ceef4003c6388db,18,6794840
737,1495,Reactive Network,REACT,0x817162975186d4d53dbf5a7377dd45376e2d2fc5,18,6771776
738,1499,BiLira,TRYB,0x2c537e5624e4af88a7ae4060c022609376c8d0eb,18,6744356
739,1505,LUKSO,LYX,0xc210b2cb65ed3484892167f5e05f7ab496ab0598,18,6739373
740,1504,dForce USD,USX,0x0a5e677a6a24b2f1a2bf4f3bffc443231d2fdec8,18,6710142
741,1514,GYEN,GYEN,0xc08512927d12348f6620a698105e1baac6ecd911,18,6626539
742,1515,Humans.ai,HEART,0x8fac8031e079f409135766c7d5de29cf22ef897c,18,6622108
743,1518,Overtime,OVER,0x90ce5720c17587d28e4af120ae2d313b3bad1722,18,6603608
744,1520,Ampleforth,AMPL,0xd46ba6d942050d489dbd938a2c909a5d5039a161,18,6595310
745,1524,Midas Rockaway Market Neutral,MROX,0x67e1f506b148d0fc95a4e3ffb49068ceb6855c05,18,6565791
746,1527,Mind Network,FHE,0xd55c9fb62e176a8eb6968f32958fefdd0962727e,18,6538805
747,1529,Metronome,MET,0x2ebd53d035150f328bd754d6dc66b99b0edb89aa,18,6535819
748,1530,Occidental Petroleum (Ondo Tokenized),OXYON,0xeedc48205852e9d83ea5ca92fa8656597788601f,18,6512152
749,1531,Switch Token,SWITCH,0xb10cc888cb2cce7036f4c7ecad8a57da16161338,18,6500576
750,1534,Tectum,TET,0x68a47fe1cf42eba4a030a10cd4d6a1031ca3ca0a,18,6495823
751,1533,Dialectic ETH Vault,DETH,0x871ab8e36cae9af35c6a3488b049965233deb7ed,18,6490282
752,1537,Hera Finance,HERA,0xa2c2c937333165d4c5f2dc5f31a43e1239fecfeb,18,6479901
753,1539,GamerCoin,GHX,0x728f30fa2f100742c7949d1961804fa8e0b1387d,18,6439197
754,1540,Delta Exchange,DETO,0xab93df617f51e1e415b5b4f8111f122d6b48e55c,18,6430629
755,1541,Apple xStock,AAPLX,0x9d275685dc284c8eb1c79f6aba7a63dc75ec890a,18,6424026
756,1544,Asteroid,ASTEROID,0xaff2565091e7207191dbe340b8528d02fa78d044,18,6372864
757,1545,Fuel Network,FUEL,0x675b68aa4d9c2d3bb3f0397048e62e6b7192079c,18,6367083
758,1546,Neutrino Index Token,XTN,0x674c6ad92fd080e4004b2312b45f796a192d27a0,18,6335119
759,1547,Vow,VOW,0x1bbf25e71ec48b84d773809b4ba55b6f4be946fb,18,6311760
760,1549,Wexo,WEXO,0xf31698ddad0d11160fe85c500397a470cd3d492e,18,6289141
761,1550,Pixels,PIXEL,0x3429d03c6f7521aec737a0bbf2e5ddcef2c3ae31,18,6282628
762,1553,Wrapped iTRY,WITRY,0xe346c29b5b60ef870b9724c57ccfbbc631e47dee,18,6251068
763,1556,FTMTOKEN,FTMX,0x45510db2481353178db5abb87c96805fadad0724,18,6239409
764,1554,RealToken Ecosystem Governance,REG,0x0aa1e96d2a46ec6beb2923de1e61addf5f5f1dce,18,6237221
765,1557,MATH,MATH,0x08d967bb0134f2d07f7cfb6e246680c53927dd30,18,6216616
766,1559,BytomDAO,BTM,0x4951bec6f4dfc23935c0ec8af92f231f4c20ea03,18,6197515
767,1560,Ambire Wallet,WALLET,0x88800092ff476844f74dc2fc427974bbee2794ae,18,6191678
768,1562,NKN,NKN,0x5cf04716ba20127f1e2297addcf4b5035000c9eb,18,6177046
769,1563,KRYLL,KRL,0x464ebe77c293e473b48cfe96ddcf88fcf7bfdac0,18,6170957
770,1566,Swell,SWELL,0x0a6e7ba5042b38349e437ec6db6214aec7b35676,18,6141607
771,1567,MESSIER,M87,0x80122c6a83c8202ea365233363d3f4837d13e888,18,6139842
772,1568,0x0,0X0,0x5a3e6a77ba2f983ec0d371ea3b475f8bc0811ad5,18,6134083
773,1570,Harvest Finance,FARM,0xa0246c9032bc3a600820415ae600c6388619a14d,18,6132588
774,1569,Anyswap,ANY,0xf99d58e463a2e07e5692127302c20a191861b4d6,18,6124322
775,1572,VNX Gold,VNXAU,0x6d57b2e05f26c26b549231c866bdd39779e4a488,18,6112678
776,1575,MEDXT,MEDXT,0x755d61b9acbc7fcc935e280291cd86cc1913af93,18,6089549
777,1580,Sperax,SPA,0xb4a3b0faf0ab53df58001804dda5bfc6a3d59008,18,6082075
778,1578,Midas mEDGE,MEDGE,0xbb51e2a15a9158ebe2b0ceb8678511e063ab7a55,18,6079528
779,1552,district0x,DNT,0x0abdace70d3790235af448c88547603b945604ea,18,6075849
780,1579,Win,WIN,0xb10cb07ca2cdac77fbb5707f6690301f9d036f45,18,6067703
781,1584,Orchid Protocol,OXT,0x4575f41308ec1483f3d399aa9a2826d74da13deb,18,6044029
782,1583,Dora Factory,DORA,0x4957805230831401caad5b690aa138143b711358,18,6039211
783,1585,Manyu,MANYU,0x95af4af910c28e8ece4512bfe46f1f33687424ce,18,6024811
784,1589,Rayls,RLS,0xb5f7b021a78f470d31d762c1dda05ea549904fbd,18,6014819
785,1591,DOLZ.io,DOLZ,0xe939f011a3d8fc0aa874c97e8156053a903d7176,18,6013958
786,1590,Quantoz USDQ,USDQ,0xc83e27f270cce0a3a3a29521173a83f402c1768b,18,6011223
787,1594,GME (Ethereum),GME,0xc56c7a0eaa804f854b536a5f3d5f49d2ec4b12b8,18,5988545
788,1597,Minutes Network Token,MNTX,0x5c697fee285b513711a816018dbb34dc0cfc4875,18,5980334
789,1599,Auto Finance,AUTO,0x1ec8eaa3f68261e793c48486b12092336a03c479,18,5975844
790,1600,Dialectic USD Vault,DUSD,0x1e33e98af620f1d563fcd3cfd3c75ace841204ef,18,5973086
791,1595,WXT Token,WXT,0xa02120696c7b8fe16c09c749e4598819b2b0e915,18,5968684
792,1601,Everscale,EVER,0x1ffefd8036409cb6d652bd610de465933b226917,18,5955732
793,1602,Polyhedra Network,ZKJ,0xc71b5f631354be6853efe9c3ab6b9590f8302e81,18,5954728
794,1603,Nash,NEX,0xe2dc070524a6e305ddb64d8513dc444b6a1ec845,18,5954167
795,1604,GENIUS AI,GNUS,0x614577036f0a024dbc1c88ba616b394dd65d105a,18,5932501
796,1607,Ekubo Protocol,EKUBO,0x04c46e830bb56ce22735d5d8fc9cb90309317d0f,18,5897936
797,1610,House Party Protocol,HPP,0xe33fbe7584eb79e2673abe576b7ac8c0de62565c,18,5876229
798,1615,Telos,TLOS,0x193f4a4a6ea24102f49b931deeeb931f6e32405d,18,5794881
799,1636,AxCNH,AXCNH,0x2925ac3be7d585874b88ea51ed50add376ad8239,18,5777582
800,1621,LooPIN Network,LOOPIN,0x975da7b2325f815f1de23c8b68f721fb483b8071,18,5764104
801,1616,Covalent X Token,CXT,0x7abc8a5768e6be61a6c693a6e4eacb5b60602c4d,18,5747748
802,1625,Aventus,AVT,0x0d88ed6e74bbfd96b831231638b66c05571e824f,18,5739896
803,1627,Soil,SOIL,0x54991328ab43c7d5d31c19d1b9fa048e77b5cd16,18,5732259
804,1626,Ancient8,A8,0x3e5a19c91266ad8ce2477b91585d1856b84062df,18,5696143
805,1633,Liquid Mercury,MERC,0x6ee2f71049dde9a93b7c0ee1091b72acf9b46810,18,5688151
806,1635,AMATERASU OMIKAMI,OMIKAMI,0x9e18d5bab2fa94a6a95f509ecb38f8f68322abd3,18,5680264
807,1640,CateCoin,CATE,0x051fb509e4a775fabd257611eea1efaed8f91359,18,5651425
808,1644,Qualcomm (Ondo Tokenized Stock),QCOMON,0xe3419710c1f77d44b4dab02316d3f048818c4e59,18,5645499
809,1648,Eesee,ESE,0x908ddb096bfb3acb19e2280aad858186ea4935c4,18,5620894
810,1653,Quantoz EURQ,EURQ,0x8df723295214ea6f21026eeeb4382d475f146f9f,18,5600889
811,1657,Peapods Finance,PEAS,0x02f92800f57bcd74066f5709f1daa1a4302df875,18,5543956
812,1662,Cross The Ages,CTA,0x90685e300a4c4532efcefe91202dfe1dfd572f47,18,5522972
813,1663,Propchain,PROPC,0x9ff58067bd8d239000010c154c6983a325df138e,18,5522064
814,1664,TrustSwap,SWAP,0xcc4304a31d09258b0029ea7fe63d032f52e44efe,18,5500924
815,1666,Forest Protocol,FOREST,0x8d33f0ae6d111212d9d64b0821c7cf09e6270c27,18,5476631
816,1667,Cratos,CRTS,0x678e840c640f619e17848045d23072844224dd37,18,5460225
817,1668,Origin Dollar,OUSD,0x2a8e1e676ec238d8a992307b495b45b3feaa5e86,18,5456003
818,1669,DIMO,DIMO,0x5fab9761d60419c9eeebe3915a8fa1ed7e8d2e1b,18,5429269
819,1670,LAKE,LAK3,0x13d074303c95a34d304f29928dc8a16dec797e9e,18,5414670
820,1673,Midas msyrupUSDp,MSYRUPUSDP,0x2fe058ccf29f123f9dd2aec0418aa66a877d8e50,18,5378801
821,1674,Rocket Lab (Ondo Tokenized),RKLBON,0x36e3b8d9aad0e51ac08e56a75a8f6005bf68535b,18,5377847
822,1676,Karrat,KARRAT,0xacd2c239012d17beb128b0944d49015104113650,18,5358290
823,1678,PepeFork,PORK,0xb9f599ce614feb2e1bbe58f180f370d05b39344e,18,5320083
824,1684,AscendEx,ASD,0xff742d05420b6aca4481f635ad8341f81a6300c2,18,5299061
825,1679,PondCoin,PNDC,0x423f4e6138e475d85cf7ea071ac92097ed631eea,18,5287460
826,1685,EDUM,EDUM,0xac9518ba93eeb2336a03137d254d8cc2e4d0fa38,18,5277648
827,1689,Orbiter Finance,OBT,0x4af322ff4a6f2858f6b51e546b9ec499654493c5,18,5228642
828,1692,iShares Russell 2000 Value ETF (Ondo Tokenized ETF),IWNON,0x9dcf7f739b8c0270e2fc0cc8d0dabe355a150dba,18,5220246
829,1701,VNX Swiss Franc,VCHF,0x79d4f0232a66c4c91b89c76362016a1707cfbf4f,18,5159991
830,1702,Plume USD,PUSD,0xdddd73f5df1f0dc31373357beac77545dc5a6f3f,18,5141881
831,1705,Australian Digital Dollar,AUDD,0x4cce605ed955295432958d8951d0b176c10720d5,18,5116315
832,1711,BountyMarketCap,BMC,0xd945d2031b4c63c0e363304fb771f709b502dc0a,18,5037146
833,1715,NEURALAI,NEURAL,0x32b053f2cba79f80ada5078cb6b305da92bde6e1,18,5001398
834,1718,Usual ETH,ETH0,0x734eec7930bc84ec5732022b9eb949a81fb89abe,18,4982532
835,1720,Swarm,BZZ,0x19062190b1925b5b6689d7073fdfc8c2976ef8cb,18,4971571
836,1723,Mysterium,MYST,0x4cf89ca06ad997bc732dc876ed2a7f26a9e7f361,18,4960975
837,1724,Unibright,UBT,0x8400d94a5cb0fa0d041a3788e395285d61c9ee5e,18,4948841
838,1726,Web 3 Dollar,USD3,0x0d86883faf4ffd7aeb116390af37746f45b6f378,18,4923947
839,1727,Nexora,NEX,0x58412ae274f2764b71c66315d97662d47d930d94,18,4918568
840,1729,Yee Token,YEE,0x9ac9468e7e3e1d194080827226b45d0b892c77fd,18,4903209
841,1730,Coinbase xStock,COINX,0x364f210f430ec2448fc68a49203040f6124096f0,18,4898991
842,1733,MUX Protocol,MCB,0x4e352cf164e64adcbad318c3a1e222e9eba4ce42,18,4882868
843,1734,Equilibria Finance,EQB,0xfe80d611c6403f70e5b1b9b722d2b3510b740b2b,18,4868852
844,1736,Santiment Network,SAN,0x7c5a0ce9267ed19b22f8cae653f198e3e8daf098,18,4862757
845,1738,Buying.com,BUY,0x396ec402b42066864c406d1ac3bc86b575003ed8,18,4851144
846,1741,Bluzelle,BLZ,0x5732046a883704404f284ce41ffadd5b007fd668,18,4833826
847,1743,ProShares UltraPro QQQ (Ondo Tokenized),TQQQON,0xa45cd7ac9865b9539166ebaf2abc362df4736580,18,4813704
848,1750,StakeStone Berachain Vault Token,BERASTONE,0x97ad75064b20fb2b2447fed4fa953bf7f007a706,18,4763618
849,1748,Edel,EDEL,0xbf59dbc154421a7b37f4f2841e11f4ed2a1dee7c,18,4751116
850,1752,Curve.fi FRAX/USDC,CRVFRAX,0x3175df0976dfa876431c2e9ee6bc45b65d3473cc,18,4750541
851,1764,CoinZoom,ZOOM,0x69cf3091c91eb72db05e45c76e58225177dea742,18,4696729
852,1765,Chili Coin,CHI,0x83e8fb8d8176224fcc828edc73e152ec1818a2da,18,4689323
853,1766,Amazon xStock,AMZNX,0x3557ba345b01efa20a1bddc61f573bfd87195081,18,4664214
854,1768,ParagonsDAO,PDT,0x375abb85c329753b1ba849a601438ae77eec9893,18,4650520
855,1770,Microsoft xStock,MSFTX,0x5621737f42dae558b81269fcb9e9e70c19aa6b35,18,4635899
856,1772,Robinhood xStock,HOODX,0xe1385fdd5ffb10081cd52c56584f25efa9084015,18,4628210
857,1774,SUKU,SUKU,0x0763fdccf1ae541a5961815c0872a8c5bc6de4d7,18,4610640
858,1786,Pundi AI,PUNDIAI,0x075f23b9cdfce2cc0ca466f4ee6cb4bd29d83bef,18,4488901
859,1787,DeFi Pulse Index,DPI,0x1494ca1f11d487c2bbe4543e90080aeba4ba3c2b,18,4487940
860,1788,Polaris Share,POLA,0xc691bc298a304d591ad9b352c7a8d216de9f2ced,18,4482149
861,1789,dYdX,ETHDYDX,0x92d6c1e31e14520e676a687f0a93788b716beff5,18,4470982
862,1784,Rain Coin,RAIN,0x59db93d135f16585ed90b8c942d4f8ae0dcfbfc0,18,4469750
863,1792,ZARP Stablecoin,ZARP,0xb755506531786c8ac63b756bab1ac387bacb0c04,18,4450331
864,1796,Hamilton Lane Senior Credit Opportunities Securitize Fund,HLSCOPE,0xda2ffa104356688e74d9340519b8c17f00d7752e,18,4409086
865,1798,Solarcoin,SLR,0x4e9e4ab99cfc14b852f552f5fb3aa68617825b6c,18,4404063
866,1799,MileVerse,MVC,0x581911b360b6eb3a14ef295a83a91dc2bce2d6f7,18,4398950
867,1800,Wrapped AyeAyeCoin,WAAC,0x30ae41d5f9988d359c733232c6c693c0e645c77e,18,4397045
868,1805,Boson,BOSON,0xc477d038d5420c6a9e0b031712f61c5120090de9,18,4370731
869,1806,NFTX,NFTX,0x87d73e916d7057945c9bcd8cdd94e42a6f47f776,18,4364366
870,1807,BEST,BEST,0xba83b5ed3f12bfa44f066f03ee0433419b74f469,18,4363320
871,1802,Obyte,GBYTE,0x31f69de127c8a0ff10819c0955490a4ae46fcc2a,18,4353366
872,1811,Solaxy,SOLX,0xe0b7ad7f8f26e2b00c8b47b5df370f15f90fcf48,18,4340697
873,1812,ChimpStrategy,CHMPSTR,0x3ca20831ebea5c99aa6e574d83f0a7c733f7e4d0,18,4336864
874,1814,Eli Lilly (Ondo Tokenized Stock),LLYON,0xf192957ae52db3eb088654403cc2eded014ae556,18,4327148
875,1819,Paradex,DIME,0xb32e10022ffbedfe10bc818a1c7e67d9d87e0fa7,18,4308142
876,1817,RIZE,RIZE,0x9f1e8f87c6321b84bad7dda7dfb86d5115a47605,18,4294981
877,1818,Meta xStock,METAX,0x96702be57cd9777f835117a809c7124fe4ec989a,18,4291982
878,1822,Bitrue Coin,BTR,0xd433138d12beb9929ff6fd583dc83663eea6aaa5,18,4270466
879,1828,tao.bot,TAOBOT,0x49fb8ad7578148e17c3ef0c344ce23a66ed372c4,18,4241409
880,1832,Bitcoin Bull,BTCBULL,0xc3f822e94c321dd3ee53ca46b78098ea79b7ec8d,18,4228088
881,1831,Dent,DENT,0x3597bfd533a99c9aa083587b074434e61eb0a258,18,4213881
882,1834,DITGOLD,DITAU,0xe866c6222bf253d1da2cc6a0520c96fdca2e5b5e,18,4210350
883,1837,Litentry,LIT,0xb59490ab09a0f526cc7305822ac65f2ab12f9723,18,4177904
884,1840,R0AR Token,1R0R,0xb0415d55f2c87b7f99285848bd341c367feac1ea,18,4167780
885,1843,OctaSpace,OCTA,0xfa704148d516b209d52c2d75f239274c8f8eaf1a,18,4154709
886,1846,Clover Finance,CLV,0x80c62fe4487e1351b47ba49809ebd60ed085bf52,18,4132216
887,1848,Gems VIP,GEMS,0x3010ccb5419f1ef26d40a7cd3f0d707a0fa127dc,18,4104506
888,1857,REAL,ASSET,0x99e980265bf36516c442be982df1772a6ccb3233,18,4051202
889,1860,Orta Chain,ORTA,0xcb20b537f5df50bccc00fe6a8eb4d57b14a89a03,18,4023117
890,1862,Polytrade,TRADE,0x6e5970dbd6fc7eb1f29c6d2edf2bc4c36124c0c1,18,3991761
891,1866,Beefy,BIFI,0xb1f1ee126e9c96231cc3d3fad7c08b4cf873b1f1,18,3982081
892,1867,Spectre AI,SPECTRE,0x9cf0ed013e67db12ca3af8e7506fe401aa14dad6,18,3973915
893,1870,ShapeShift FOX,FOX,0xc770eefad204b5180df6a14ee197d99d808ee52d,18,3962177
894,1871,Lockheed (Ondo Tokenized Stock),LMTON,0x691b126cf619707ed5d16cab1b27c000aa8de300,18,3957061
895,1872,BEAM,BEAM,0xe5acbb03d73267c03349c76ead672ee4d941f499,18,3955272
896,1873,Coupon Assets,CA,0x9ee8c380e1926730ad89e91665ff27063b13c90a,18,3946660
897,1880,Steam22,STM,0x65b3f4a4694b125ada8f9ebc2b79d6c7d4015d1b,18,3912991
898,1883,Ice Open Network,ICE,0x79f05c263055ba20ee0e814acd117c20caa10e0c,18,3909882
899,1885,Alibaba (Ondo Tokenized Stock),BABAON,0x41765f0fcddc276309195166c7a62ae522fa09ef,18,3891200
900,1884,GAIB,GAIB,0xc19d38925f9f645337b1d1f37baf3c0647a48e50,18,3890216
901,1887,Thetanuts Finance,NUTS,0x23f3d4625aef6f0b84d50db1d53516e6015c0c9b,18,3882972
902,1895,TriasLab,TRIAS,0x3a856d4effa670c54585a5d523e96513e148e95d,18,3833141
903,1900,Nexera,NXRA,0x644192291cc835a93d6330b24ea5f5fedd0eef9e,18,3803735
904,1903,Automata,ATA,0xa2120b9e674d3fc3875f415a7df52e382f141225,18,3797022
905,1908,PinLink,PIN,0x2e44f3f609ff5aa4819b323fd74690f07c3607c4,18,3771667
906,1909,Dragonchain,DRGN,0x419c4db4b9e25d6db2ad9691ccb832c8d9fda05e,18,3762228
907,1910,Divi,DIVI,0x246908bff0b1ba6ecadcf57fb94f6ae2fcd43a77,18,3761002
908,1913,RCH Token,RCH,0x57b96d4af698605563a4653d882635da59bf11af,18,3741001
909,1914,Matrixdock Silver,XAGM,0x123ffe0a3c62878dcbee2742227dc8990058d9e1,18,3739820
910,1915,Camp Network,CAMP,0x84eaac1b2dc3f84d92ff84c3ec205b1fa74671fc,18,3737746
911,1916,Resolv USR,USR,0x66a1e37c9b0eaddca17d3662d6c05f4decf3e110,18,3730603
912,1912,Theoriq,THQ,0xaffbe9a60f1f45e057fd9b6dc70004bb0ccc8b99,18,3728759
913,1924,Robinhood Markets (Ondo Tokenized Stock),HOODON,0x998f02a9e343ef6e3e6f28700d5a20f839fd74e6,18,3697527
914,1923,SNPad,SNPAD,0x772358ef6ed3e18bde1263f7d229601c5fa81875,18,3692040
915,1925,Coca-Cola (Ondo Tokenized Stock),KOON,0x74a03d741226f738098c35da8188e57aca50d146,18,3683924
916,1927,GammaSwap,GS,0x64d3cae387405d91f7b0d91fb1d824a281719500,18,3677009
917,1932,Numbers Protocol,NUM,0x3496b523e5c00a4b4150d6721320cddb234c3079,18,3653473
918,1934,Ren,REN,0x408e41876cccdc0f92210600ef50372656052a38,18,3651009
919,1939,Forte AUD,AUDF,0xd2a530170d71a9cfe1651fb468e2b98f7ed7456b,18,3633141
920,1940,Macropod,AUDM,0x081599e4936d12c46bd48913b2329115cd26cbdd,18,3631585
921,1938,Aavegotchi,GHST,0x3f382dbd960e3a9bbceae22651e88158d2791550,18,3631076
922,1950,LUKSO [OLD],LYXE,0xa8b919680258d369114910511cc87595aec0be6d,18,3630517
923,1931,PHT Stablecoin,PHT,0xbe370ad45d44eb45174c4ec60b88839fef32c077,18,3630508
924,1944,Superfluid,SUP,0xd05001db979ff2f1a3b2105875d3454e90dd2961,18,3599262
925,1947,GIZA,GIZA,0x590830dfdf9a3f68afcdde2694773debdf267774,18,3582838
926,1949,Arm Holdings plc (Ondo Tokenized Stock),ARMON,0x5bf1b2a808598c0ef4af1673a5457d86fe6d7b3d,18,3567974
927,1951,United States Oil Fund (Ondo Tokenized),USOON,0x1f5fc5c3c8b0f15c7e21af623936ff2b210b6415,18,3551001
928,1953,Cornucopias,COPI,0x42baf1f659d765c65ade5bb7e08eb2c680360d9d,18,3548517
929,1954,Midas mBASIS,MBASIS,0x2a8c22e3b10036f3aef5875d04f8441d4188b656,18,3534272
930,1955,Volt Inu,VOLT,0x7f792db54b0e580cdc755178443f0430cf799aca,18,3532620
931,1964,Fei USD,FEI,0x956f47f50a910163d8bf957cf5846d573e7f87ca,18,3503832
932,1961,Reality Metaverse,RMV,0x423352f2c6e0e72422b69af03aba259310146d90,18,3499119
933,1966,Swarm Markets,SMT,0xb17548c7b510427baac4e267bea62e800b247173,18,3497958
934,1972,Zircuit,ZRC,0xfd418e42783382e86ae91e445406600ba144d162,18,3467434
935,1991,Stafi,FIS,0xef3a930e1ffffacd2fc13434ac81bd278b0ecc8d,18,3460686
936,1974,Ondas Holdings (Ondo Tokenized),ONDSON,0x818234860a647d480b9bbcc9a47a23889f2ec900,18,3456399
937,1976,UniLayer,LAYER,0x0ff6ffcfda92c53f615a4a75d982f399c989366b,18,3454718
938,1982,CEEK Smart VR,CEEK,0xb056c38f6b7dc4064367403e26424cd2c60655e1,18,3411657
939,1986,KAN,KAN,0x1410434b0346f5be678d0fb554e5c7ab620f8f4a,18,3390431
940,1988,Cryptex Finance,CTX,0x321c2fe4446c7c963dc41dd58879af648838f98d,18,3375726
941,1989,Fidu,FIDU,0x6a445e9f40e0b97c92d0b8a3366cef1d67f700bf,18,3363419
942,1990,Cult DAO,CULT,0xf0f9d895aca5c8678f706fb8216fa22957685a13,18,3349821
943,1994,Ovr,OVR,0x21bfbda47a0b4b5b1248c767ee49f7caa9b23697,18,3328518
944,1995,iShares Russell 2000 ETF (Ondo Tokenized ETF),IWMON,0x070d79021dd7e841123cb0cf554993bf683c511d,18,3321303
945,1996,OPEN Ticketing Ecosystem,OPN,0xc28eb2250d1ae32c7e74cfb6d6b86afc9beb6509,18,3315468
946,1997,Aleph Cloud,ALEPH,0x27702a26126e0b3702af63ee09ac4d1a084ef628,18,3313530
947,1998,Broadcom (Ondo Tokenized Stock),AVGOON,0x0d54d4279b9e8c54cd8547c2c75a8ee81a0bcae8,18,3301748
948,2002,Frax Price Index Share,FPIS,0xc2544a32872a91f4a553b404c6950e89de901fdb,18,3290565
949,2003,Pfizer (Ondo Tokenized Stock),PFEON,0x06954faa913fa14c28eb1b2e459594f22f33f3de,18,3286671
950,2008,PaLM AI,PALM,0xf1df7305e4bab3885cab5b1e4dfc338452a67891,18,3280017
951,2006,iShares 0-3 Month Treasury Bond ETF (Ondo Tokenized ETF),SGOVON,0x8de5d49725550f7b318b2fa0f1b1f118e98e8d0f,18,3279972
952,2010,Mt Pelerin Shares,MPS,0x96c645d3d3706f793ef52c19bbace441900ed47d,18,3272761
953,2014,NetMind Token,NMT,0x03aa6298f1370642642415edc0db8b957783e8d6,18,3240490
954,2015,ANGLE,ANGLE,0x31429d1856ad1377a8a0079410b297e1a9e214c2,18,3234569
955,2022,Sentio Token,ST,0x70be40667385500c5da7f108a022e21b606045dd,18,3201519
956,2023,PeiPei,PEIPEI,0x3ffeea07a27fab7ad1df5297fa75e77a43cb5790,18,3196632
957,2029,Nolus,NLS,0xb34e17562e4f1f63a2d4cf684ed8bc124e519771,18,3170892
958,2036,LeisureMeta,LM,0xc064f4f215b6a1e4e7f39bd8530c4de0fc43ee9d,18,3148797
959,2039,NuNet,NTX,0xf0d33beda4d734c72684b5f9abbebf715d0a7935,18,3139851
960,2041,LushAI,LUSH,0xec9333e7dadeebf82d290d6cb12e66cc30ce46b0,18,3130109
961,2048,Panther Protocol,ZKP,0x909e34d3f6124c324ac83dcca84b74398a6fa173,18,3093843
962,2056,YieldFi vyUSD,VYUSD,0x2e3c5e514eef46727de1fe44618027a9b70d92fc,18,3073278
963,2061,RyuJin,RYU,0xca530408c3e552b020a2300debc7bd18820fb42f,18,3044193
964,2065,Edge,EDGE,0x4ec1b60b96193a64acae44778e51f7bff2007831,18,3022429
965,2068,Aladdin DAO,ALD,0xb26c4b3ca601136daf98593feaeff9e0ca702a8d,18,3017381
966,2064,Shido Network,SHIDO,0x0e173bfd28ef21bc460718bcd9b610b7fcd7f041,18,3017168
967,2070,StakeWise,SWISE,0x48c3399719b582dd63eb5aadf12a40b4c3f52fa2,18,3009436
968,2084,Grok,GROK,0x8390a1da07e376ef7add4be859ba74fb83aa02d5,18,2991158
969,2082,iShares Core S&P MidCap ETF (Ondo Tokenized ETF),IJHON,0xfd50fc4e3686a8da814c5c3d6121d8ab98a537f0,18,2982830
970,2085,KiboShib,KIBSHI,0x02e7f808990638e9e67e1f00313037ede2362361,18,2968491
971,2093,Gearbox,GEAR,0xba3335588d9403515223f109edc4eb7269a9ab5d,18,2952588
972,2094,Seamless Protocol,SEAM,0x6b66ccd1340c479b07b390d326eadcbb84e726ba,18,2947951
973,2095,Flayer,FLAY,0xf1a7000000950c7ad8aff13118bb7ab561a448ee,18,2943699
974,2097,Cisco Systems (Ondo Tokenized Stock),CSCOON,0x980a1001ee94e54142b231f44c7ca7c9df71fbe1,18,2939535
975,2099,Intel xStock,INTCX,0xf8a80d1cb9cfd70d03d655d9df42339846f3b3c8,18,2933257
976,2101,Prospective,PROS,0xbe1936a67f503e0eaf2434b0cf9f4e3d7100008a,18,2924002
977,2106,Obol,OBOL,0x0b010000b7624eb9b3dfbc279673c76e9d29d5f7,18,2910498
978,2107,Reservoir,DAM,0x0fedba9178b70e8b54e2af08ebffcf28a1e5a43b,18,2905847
979,2115,Chevron (Ondo Tokenized Stock),CVXON,0x8f3e41b378ae010c46d255f36bfc1d303b52dceb,18,2885071
980,2114,AI Network,AIN,0x3a810ff7211b40c4fa76205a14efe161615d0385,18,2883272
981,2117,Kendu,KENDU,0xaa95f26e30001251fb905d264aa7b00ee9df6c18,18,2877161
982,2116,Troll,TROLL,0xf8ebf4849f1fa4faf0dff2106a173d3a6cb2eb3a,18,2873772
983,2124,mStable USD,MUSD,0xe2f2a5c287993345a840db3b0845fbc70f5935a5,18,2867683
984,2128,SunContract,SNC,0xf4134146af2d511dd5ea8cdb1c4ac88c57d60404,18,2856821
985,2129,Wise,WISE,0x66a0f676479cee1d7373f3dc2e2952778bff5bd6,18,2850493
986,2130,Nest WisdomTree Vault,NWISDOM,0x29bf22381a5811dec89dc7b46a5ce57ad02c0240,18,2849398
987,2141,RARI,RARI,0xfca59cd816ab1ead66534d82bc21e7515ce441cf,18,2833869
988,2136,Tharwa,TRWA,0x7b10d50b5885be4c7985a88408265c109bd1eec8,18,2828226
989,2142,NUMINE Token,NUMI,0xa29c9a740de8194e4016747e9a04a84946ada0a5,18,2816913
990,2144,Parallel USDp,USDP,0x9b3a8f7cec208e247d97dee13313690977e24459,18,2808484
991,2148,McDonald's (Ondo Tokenized Stock),MCDON,0x4c82c8cd9a218612dce60b156b73a36705645e3b,18,2800618
992,2147,Opal,OPAL,0x199e2cfaf8b4f2cc5423971ef3749d1c89cf815c,18,2799049
993,2149,Parallel,PAR,0x68037790a0229e9ce6eaa8a99ea92964106c4703,18,2798147
994,2151,Pibble,PIB,0x1864ce27e9f7517047933caae530674e8c70b8a7,18,2783946
995,2155,ASML Holding NV (Ondo Tokenized Stock),ASMLON,0xe51ba774ebf6392c45bf1d9e6b334d07992460d3,18,2776159
996,2154,Everybody,HOLD,0x68b36248477277865c64dfc78884ef80577078f3,18,2775122
997,2157,Zypto Token,ZYPTO,0x7a65cb87f596caf31a4932f074c59c0592be77d7,18,2774140
998,2158,Block,BLOCK,0xcab84bc21f9092167fcfe0ea60f5ce053ab39a1e,18,2765773
999,2160,mETH Protocol,COOK,0x9f0c013016e8656bc256f948cd4b79ab25c7b94d,18,2764919
1000,2163,Nexira DAEP,NEXI,0xe3872dd4eba50598c54b2aa21b04c71fc37b000b,18,2759146
